İstanbul,MARMARA,Adalar,İLKER GAMZE,1
İstanbul,MARMARA,Adalar,İLKER MİRAC,2
İstanbul,MARMARA,Adalar,İLKER YÜCEL,3
İstanbul,MARMARA,Adalar,İLKER KUBİLAY,4
İstanbul,MARMARA,Adalar,İLKER HAYATİ,5
İstanbul,MARMARA,Maltepe,İLKER BEDRİYE,6
İstanbul,MARMARA,Maltepe,İLKER MÜGE,7
İstanbul,MARMARA,Maltepe,SALİM JALE,8
İstanbul,MARMARA,Maltepe,SALİM ALİ,9
İstanbul,MARMARA,Maltepe,SALİM MAHMUT,10
İstanbul,MARMARA,Beykoz,SALİM MANSUR,11
İstanbul,MARMARA,Beykoz,SALİM KÜRŞAD,12
İstanbul,MARMARA,Beykoz,SALİM GAMZE,13
İstanbul,MARMARA,Beykoz,SALİM MİRAC,14
İstanbul,MARMARA,Beykoz,SALİM YÜCEL,15
İstanbul,MARMARA,Kartal,SALİM KUBİLAY,16
İstanbul,MARMARA,Kartal,SALİM HAYATİ,17
İstanbul,MARMARA,Kartal,SALİM BEDRİYE,18
İstanbul,MARMARA,Kartal,SALİM MÜGE,19
İstanbul,MARMARA,Kartal,EMİNE JALE,20
İstanbul,MARMARA,Kartepe,EMİNE ALİ,21
İstanbul,MARMARA,Kartepe,EMİNE MAHMUT,22
İstanbul,MARMARA,Kartepe,EMİNE MANSUR,23
İstanbul,MARMARA,Kartepe,EMİNE KÜRŞAD,24
İstanbul,MARMARA,Kartepe,EMİNE GAMZE,25
Edirne,MARMARA,Uzunköprü,EMİNE MİRAC,26
Edirne,MARMARA,Uzunköprü,EMİNE YÜCEL,27
Edirne,MARMARA,Uzunköprü,EMİNE KUBİLAY,28
Edirne,MARMARA,Uzunköprü,EMİNE HAYATİ,29
Edirne,MARMARA,Uzunköprü,EMİNE BEDRİYE,30
Edirne,MARMARA,Keşan,EMİNE MÜGE,31
Edirne,MARMARA,Keşan,MURAT JALE,32
Edirne,MARMARA,Keşan,MURAT ALİ,33
Edirne,MARMARA,Keşan,MURAT MAHMUT,34
Edirne,MARMARA,Keşan,MURAT MANSUR,35
Edirne,MARMARA,Lalapaşa,MURAT KÜRŞAD,36
Edirne,MARMARA,Lalapaşa,MURAT GAMZE,37
Edirne,MARMARA,Lalapaşa,MURAT MİRAC,38
Edirne,MARMARA,Lalapaşa,MURAT YÜCEL,39
Edirne,MARMARA,Lalapaşa,MURAT KUBİLAY,40
Edirne,MARMARA,Süloğlu,MURAT HAYATİ,41
Edirne,MARMARA,Süloğlu,MURAT BEDRİYE,42
Edirne,MARMARA,Süloğlu,MURAT MÜGE,43
Edirne,MARMARA,Süloğlu,ATAKAN JALE,44
Edirne,MARMARA,Süloğlu,ATAKAN ALİ,45
Edirne,MARMARA,Lalapaşa,ATAKAN MAHMUT,46
Edirne,MARMARA,Lalapaşa,ATAKAN MANSUR,47
Edirne,MARMARA,Lalapaşa,ATAKAN KÜRŞAD,48
Edirne,MARMARA,Lalapaşa,ATAKAN GAMZE,49
Edirne,MARMARA,Lalapaşa,ATAKAN MİRAC,50
Kırklareli,MARMARA,Vize,ATAKAN YÜCEL,51
Kırklareli,MARMARA,Vize,ATAKAN KUBİLAY,52
Kırklareli,MARMARA,Vize,ATAKAN HAYATİ,53
Kırklareli,MARMARA,Vize,ATAKAN BEDRİYE,54
Kırklareli,MARMARA,Vize,ATAKAN MÜGE,55
Kırklareli,MARMARA,Pınarhisar,REFİK JALE,56
Kırklareli,MARMARA,Pınarhisar,REFİK ALİ,57
Kırklareli,MARMARA,Pınarhisar,REFİK MAHMUT,58
Kırklareli,MARMARA,Pınarhisar,REFİK MANSUR,59
Kırklareli,MARMARA,Pınarhisar,REFİK KÜRŞAD,60
Kırklareli,MARMARA,Pehlivanköy,REFİK GAMZE,61
Kırklareli,MARMARA,Pehlivanköy,REFİK MİRAC,62
Kırklareli,MARMARA,Pehlivanköy,REFİK YÜCEL,63
Kırklareli,MARMARA,Pehlivanköy,REFİK KUBİLAY,64
Kırklareli,MARMARA,Pehlivanköy,REFİK HAYATİ,65
Kırklareli,MARMARA,Lüleburgaz,REFİK BEDRİYE,66
Kırklareli,MARMARA,Lüleburgaz,REFİK MÜGE,67
Kırklareli,MARMARA,Lüleburgaz,MUSTAFA JALE,68
Kırklareli,MARMARA,Lüleburgaz,MUSTAFA ALİ,69
Kırklareli,MARMARA,Lüleburgaz,MUSTAFA MAHMUT,70
Kırklareli,MARMARA,Merkez,MUSTAFA MANSUR,71
Kırklareli,MARMARA,Merkez,MUSTAFA KÜRŞAD,72
Kırklareli,MARMARA,Merkez,MUSTAFA GAMZE,73
Kırklareli,MARMARA,Merkez,MUSTAFA MİRAC,74
Kırklareli,MARMARA,Merkez,MUSTAFA YÜCEL,75
Tekirdağ,MARMARA,Şarköy,MUSTAFA KUBİLAY,76
Tekirdağ,MARMARA,Şarköy,MUSTAFA HAYATİ,77
Tekirdağ,MARMARA,Şarköy,MUSTAFA BEDRİYE,78
Tekirdağ,MARMARA,Şarköy,MUSTAFA MÜGE,79
Tekirdağ,MARMARA,Şarköy,ÖZGÜR JALE,80
Tekirdağ,MARMARA,Saray,ÖZGÜR ALİ,81
Tekirdağ,MARMARA,Saray,ÖZGÜR MAHMUT,82
Tekirdağ,MARMARA,Saray,ÖZGÜR MANSUR,83
Tekirdağ,MARMARA,Saray,ÖZGÜR KÜRŞAD,84
Tekirdağ,MARMARA,Saray,ÖZGÜR GAMZE,85
Tekirdağ,MARMARA,Muratlı,ÖZGÜR MİRAC,86
Tekirdağ,MARMARA,Muratlı,ÖZGÜR YÜCEL,87
Tekirdağ,MARMARA,Muratlı,ÖZGÜR KUBİLAY,88
Tekirdağ,MARMARA,Muratlı,ÖZGÜR HAYATİ,89
Tekirdağ,MARMARA,Muratlı,ÖZGÜR BEDRİYE,90
Tekirdağ,MARMARA,Marmaraereğlisi,ÖZGÜR MÜGE,91
Tekirdağ,MARMARA,Marmaraereğlisi,İKLİL JALE,92
Tekirdağ,MARMARA,Marmaraereğlisi,İKLİL ALİ,93
Tekirdağ,MARMARA,Marmaraereğlisi,İKLİL MAHMUT,94
Tekirdağ,MARMARA,Marmaraereğlisi,İKLİL MANSUR,95
Tekirdağ,MARMARA,Malkara,İKLİL KÜRŞAD,96
Tekirdağ,MARMARA,Malkara,İKLİL GAMZE,97
Tekirdağ,MARMARA,Malkara,İKLİL MİRAC,98
Tekirdağ,MARMARA,Malkara,İKLİL YÜCEL,99
Tekirdağ,MARMARA,Malkara,İKLİL KUBİLAY,100
Canakkale,MARMARA,Ezine,İKLİL HAYATİ,101
Canakkale,MARMARA,Ezine,İKLİL BEDRİYE,102
Canakkale,MARMARA,Ezine,İKLİL MÜGE,103
Canakkale,MARMARA,Ezine,ZÜHAL JALE,104
Canakkale,MARMARA,Ezine,ZÜHAL ALİ,105
Canakkale,MARMARA,Eceabat,ZÜHAL MAHMUT,106
Canakkale,MARMARA,Eceabat,ZÜHAL MANSUR,107
Canakkale,MARMARA,Eceabat,ZÜHAL KÜRŞAD,108
Canakkale,MARMARA,Eceabat,ZÜHAL GAMZE,109
Canakkale,MARMARA,Eceabat,ZÜHAL MİRAC,110
Canakkale,MARMARA,Biga,ZÜHAL YÜCEL,111
Canakkale,MARMARA,Biga,ZÜHAL KUBİLAY,112
Canakkale,MARMARA,Biga,ZÜHAL HAYATİ,113
Canakkale,MARMARA,Biga,ZÜHAL BEDRİYE,114
Canakkale,MARMARA,Biga,ZÜHAL MÜGE,115
Canakkale,MARMARA,Yenice,GÜLSÜM JALE,116
Canakkale,MARMARA,Yenice,GÜLSÜM ALİ,117
Canakkale,MARMARA,Yenice,GÜLSÜM MAHMUT,118
Canakkale,MARMARA,Yenice,GÜLSÜM MANSUR,119
Canakkale,MARMARA,Yenice,GÜLSÜM KÜRŞAD,120
Canakkale,MARMARA,Lapseki,GÜLSÜM GAMZE,121
Canakkale,MARMARA,Lapseki,GÜLSÜM MİRAC,122
Canakkale,MARMARA,Lapseki,GÜLSÜM YÜCEL,123
Canakkale,MARMARA,Lapseki,GÜLSÜM KUBİLAY,124
Canakkale,MARMARA,Lapseki,GÜLSÜM HAYATİ,125
Kocaeli,MARMARA,Gölcük,GÜLSÜM BEDRİYE,126
Kocaeli,MARMARA,Gölcük,GÜLSÜM MÜGE,127
Kocaeli,MARMARA,Gölcük,MEHTAP JALE,128
Kocaeli,MARMARA,Gölcük,MEHTAP ALİ,129
Kocaeli,MARMARA,Gölcük,MEHTAP MAHMUT,130
Kocaeli,MARMARA,İzmit,MEHTAP MANSUR,131
Kocaeli,MARMARA,İzmit,MEHTAP KÜRŞAD,132
Kocaeli,MARMARA,İzmit,MEHTAP GAMZE,133
Kocaeli,MARMARA,İzmit,MEHTAP MİRAC,134
Kocaeli,MARMARA,İzmit,MEHTAP YÜCEL,135
Kocaeli,MARMARA,Karamürsel,MEHTAP KUBİLAY,136
Kocaeli,MARMARA,Karamürsel,MEHTAP HAYATİ,137
Kocaeli,MARMARA,Karamürsel,MEHTAP BEDRİYE,138
Kocaeli,MARMARA,Karamürsel,MEHTAP MÜGE,139
Kocaeli,MARMARA,Karamürsel,DENİZ JALE,140
Kocaeli,MARMARA,Körfez,DENİZ ALİ,141
Kocaeli,MARMARA,Körfez,DENİZ MAHMUT,142
Kocaeli,MARMARA,Körfez,DENİZ MANSUR,143
Kocaeli,MARMARA,Körfez,DENİZ KÜRŞAD,144
Kocaeli,MARMARA,Körfez,DENİZ GAMZE,145
Kocaeli,MARMARA,Kartepe,DENİZ MİRAC,146
Kocaeli,MARMARA,Kartepe,DENİZ YÜCEL,147
Kocaeli,MARMARA,Kartepe,DENİZ KUBİLAY,148
Kocaeli,MARMARA,Kartepe,DENİZ HAYATİ,149
Kocaeli,MARMARA,Kartepe,DENİZ BEDRİYE,150
Yalova,MARMARA,Altınova,DENİZ MÜGE,151
Yalova,MARMARA,Altınova,ÜMİT JALE,152
Yalova,MARMARA,Altınova,ÜMİT ALİ,153
Yalova,MARMARA,Altınova,ÜMİT MAHMUT,154
Yalova,MARMARA,Altınova,ÜMİT MANSUR,155
Yalova,MARMARA,Armutlu,ÜMİT KÜRŞAD,156
Yalova,MARMARA,Armutlu,ÜMİT GAMZE,157
Yalova,MARMARA,Armutlu,ÜMİT MİRAC,158
Yalova,MARMARA,Armutlu,ÜMİT YÜCEL,159
Yalova,MARMARA,Armutlu,ÜMİT KUBİLAY,160
Yalova,MARMARA,Cınarcık,ÜMİT HAYATİ,161
Yalova,MARMARA,Cınarcık,ÜMİT BEDRİYE,162
Yalova,MARMARA,Cınarcık,ÜMİT MÜGE,163
Yalova,MARMARA,Cınarcık,MEHMET JALE,164
Yalova,MARMARA,Cınarcık,MEHMET ALİ,165
Yalova,MARMARA,Ciftlikköy,MEHMET MAHMUT,166
Yalova,MARMARA,Ciftlikköy,MEHMET MANSUR,167
Yalova,MARMARA,Ciftlikköy,MEHMET KÜRŞAD,168
Yalova,MARMARA,Ciftlikköy,MEHMET GAMZE,169
Yalova,MARMARA,Ciftlikköy,MEHMET MİRAC,170
Yalova,MARMARA,Merkez,MEHMET YÜCEL,171
Yalova,MARMARA,Merkez,MEHMET KUBİLAY,172
Yalova,MARMARA,Merkez,MEHMET HAYATİ,173
Yalova,MARMARA,Merkez,MEHMET BEDRİYE,174
Yalova,MARMARA,Merkez,MEHMET MÜGE,175
Sakarya,MARMARA,Geyve,VOLKAN JALE,176
Sakarya,MARMARA,Geyve,VOLKAN ALİ,177
Sakarya,MARMARA,Geyve,VOLKAN MAHMUT,178
Sakarya,MARMARA,Geyve,VOLKAN MANSUR,179
Sakarya,MARMARA,Geyve,VOLKAN KÜRŞAD,180
Sakarya,MARMARA,Karasu,VOLKAN GAMZE,181
Sakarya,MARMARA,Karasu,VOLKAN MİRAC,182
Sakarya,MARMARA,Karasu,VOLKAN YÜCEL,183
Sakarya,MARMARA,Karasu,VOLKAN KUBİLAY,184
Sakarya,MARMARA,Karasu,VOLKAN HAYATİ,185
Sakarya,MARMARA,Kocaali,VOLKAN BEDRİYE,186
Sakarya,MARMARA,Kocaali,VOLKAN MÜGE,187
Sakarya,MARMARA,Kocaali,İLKNUR JALE,188
Sakarya,MARMARA,Kocaali,İLKNUR ALİ,189
Sakarya,MARMARA,Kocaali,İLKNUR MAHMUT,190
Sakarya,MARMARA,Serdivan,İLKNUR MANSUR,191
Sakarya,MARMARA,Serdivan,İLKNUR KÜRŞAD,192
Sakarya,MARMARA,Serdivan,İLKNUR GAMZE,193
Sakarya,MARMARA,Serdivan,İLKNUR MİRAC,194
Sakarya,MARMARA,Serdivan,İLKNUR YÜCEL,195
Sakarya,MARMARA,Taraklı,İLKNUR KUBİLAY,196
Sakarya,MARMARA,Taraklı,İLKNUR HAYATİ,197
Sakarya,MARMARA,Taraklı,İLKNUR BEDRİYE,198
Sakarya,MARMARA,Taraklı,İLKNUR MÜGE,199
Sakarya,MARMARA,Taraklı,SELCUK JALE,200
Bilecik,MARMARA,Yenipazar,SELCUK ALİ,201
Bilecik,MARMARA,Yenipazar,SELCUK MAHMUT,202
Bilecik,MARMARA,Yenipazar,SELCUK MANSUR,203
Bilecik,MARMARA,Yenipazar,SELCUK KÜRŞAD,204
Bilecik,MARMARA,Yenipazar,SELCUK GAMZE,205
Bilecik,MARMARA,Söğüt,SELCUK MİRAC,206
Bilecik,MARMARA,Söğüt,SELCUK YÜCEL,207
Bilecik,MARMARA,Söğüt,SELCUK KUBİLAY,208
Bilecik,MARMARA,Söğüt,SELCUK HAYATİ,209
Bilecik,MARMARA,Söğüt,SELCUK BEDRİYE,210
Bilecik,MARMARA,Pazaryeri,SELCUK MÜGE,211
Bilecik,MARMARA,Pazaryeri,ÖZLEM JALE,212
Bilecik,MARMARA,Pazaryeri,ÖZLEM ALİ,213
Bilecik,MARMARA,Pazaryeri,ÖZLEM MAHMUT,214
Bilecik,MARMARA,Pazaryeri,ÖZLEM MANSUR,215
Bilecik,MARMARA,Bozüyük,ÖZLEM KÜRŞAD,216
Bilecik,MARMARA,Bozüyük,ÖZLEM GAMZE,217
Bilecik,MARMARA,Bozüyük,ÖZLEM MİRAC,218
Bilecik,MARMARA,Bozüyük,ÖZLEM YÜCEL,219
Bilecik,MARMARA,Bozüyük,ÖZLEM KUBİLAY,220
Bilecik,MARMARA,Osmaneli,ÖZLEM HAYATİ,221
Bilecik,MARMARA,Osmaneli,ÖZLEM BEDRİYE,222
Bilecik,MARMARA,Osmaneli,ÖZLEM MÜGE,223
Bilecik,MARMARA,Osmaneli,GÖKHAN JALE,224
Bilecik,MARMARA,Osmaneli,GÖKHAN ALİ,225
Bursa,MARMARA,Nilüfer,GÖKHAN MAHMUT,226
Bursa,MARMARA,Nilüfer,GÖKHAN MANSUR,227
Bursa,MARMARA,Nilüfer,GÖKHAN KÜRŞAD,228
Bursa,MARMARA,Nilüfer,GÖKHAN GAMZE,229
Bursa,MARMARA,Nilüfer,GÖKHAN MİRAC,230
Bursa,MARMARA,Yenişehir,GÖKHAN YÜCEL,231
Bursa,MARMARA,Yenişehir,GÖKHAN KUBİLAY,232
Bursa,MARMARA,Yenişehir,GÖKHAN HAYATİ,233
Bursa,MARMARA,Yenişehir,GÖKHAN BEDRİYE,234
Bursa,MARMARA,Yenişehir,GÖKHAN MÜGE,235
Bursa,MARMARA,Yıldırım,METE JALE,236
Bursa,MARMARA,Yıldırım,METE ALİ,237
Bursa,MARMARA,Yıldırım,METE MAHMUT,238
Bursa,MARMARA,Yıldırım,METE MANSUR,239
Bursa,MARMARA,Yıldırım,METE KÜRŞAD,240
Bursa,MARMARA,Karacabey,METE GAMZE,241
Bursa,MARMARA,Karacabey,METE MİRAC,242
Bursa,MARMARA,Karacabey,METE YÜCEL,243
Bursa,MARMARA,Karacabey,METE KUBİLAY,244
Bursa,MARMARA,Karacabey,METE HAYATİ,245
Bursa,MARMARA,İznik,METE BEDRİYE,246
Bursa,MARMARA,İznik,METE MÜGE,247
Bursa,MARMARA,İznik,HÜMEYRA JALE,248
Bursa,MARMARA,İznik,HÜMEYRA ALİ,249
Bursa,MARMARA,İznik,HÜMEYRA MAHMUT,250
Balıkesir,MARMARA,Susurluk,HÜMEYRA MANSUR,251
Balıkesir,MARMARA,Susurluk,HÜMEYRA KÜRŞAD,252
Balıkesir,MARMARA,Susurluk,HÜMEYRA GAMZE,253
Balıkesir,MARMARA,Susurluk,HÜMEYRA MİRAC,254
Balıkesir,MARMARA,Susurluk,HÜMEYRA YÜCEL,255
Balıkesir,MARMARA,Sındırgı,HÜMEYRA KUBİLAY,256
Balıkesir,MARMARA,Sındırgı,HÜMEYRA HAYATİ,257
Balıkesir,MARMARA,Sındırgı,HÜMEYRA BEDRİYE,258
Balıkesir,MARMARA,Sındırgı,HÜMEYRA MÜGE,259
Balıkesir,MARMARA,Sındırgı,PAPATYA JALE,260
Balıkesir,MARMARA,Karesi,PAPATYA ALİ,261
Balıkesir,MARMARA,Karesi,PAPATYA MAHMUT,262
Balıkesir,MARMARA,Karesi,PAPATYA MANSUR,263
Balıkesir,MARMARA,Karesi,PAPATYA KÜRŞAD,264
Balıkesir,MARMARA,Karesi,PAPATYA GAMZE,265
Balıkesir,MARMARA,İvrindi,PAPATYA MİRAC,266
Balıkesir,MARMARA,İvrindi,PAPATYA YÜCEL,267
Balıkesir,MARMARA,İvrindi,PAPATYA KUBİLAY,268
Balıkesir,MARMARA,İvrindi,PAPATYA HAYATİ,269
Balıkesir,MARMARA,İvrindi,PAPATYA BEDRİYE,270
Balıkesir,MARMARA,Gönen,PAPATYA MÜGE,271
Balıkesir,MARMARA,Gönen,LEVENT JALE,272
Balıkesir,MARMARA,Gönen,LEVENT ALİ,273
Balıkesir,MARMARA,Gönen,LEVENT MAHMUT,274
Balıkesir,MARMARA,Gönen,LEVENT MANSUR,275
Amasya,KARADENİZ,Taşova,LEVENT KÜRŞAD,276
Amasya,KARADENİZ,Taşova,LEVENT GAMZE,277
Amasya,KARADENİZ,Taşova,LEVENT MİRAC,278
Amasya,KARADENİZ,Taşova,LEVENT YÜCEL,279
Amasya,KARADENİZ,Taşova,LEVENT KUBİLAY,280
Amasya,KARADENİZ,Suluova,LEVENT HAYATİ,281
Amasya,KARADENİZ,Suluova,LEVENT BEDRİYE,282
Amasya,KARADENİZ,Suluova,LEVENT MÜGE,283
Amasya,KARADENİZ,Suluova,FADİME JALE,284
Amasya,KARADENİZ,Suluova,FADİME ALİ,285
Amasya,KARADENİZ,Merzifon,FADİME MAHMUT,286
Amasya,KARADENİZ,Merzifon,FADİME MANSUR,287
Amasya,KARADENİZ,Merzifon,FADİME KÜRŞAD,288
Amasya,KARADENİZ,Merzifon,FADİME GAMZE,289
Amasya,KARADENİZ,Merzifon,FADİME MİRAC,290
Amasya,KARADENİZ,Merkez,FADİME YÜCEL,291
Amasya,KARADENİZ,Merkez,FADİME KUBİLAY,292
Amasya,KARADENİZ,Merkez,FADİME HAYATİ,293
Amasya,KARADENİZ,Merkez,FADİME BEDRİYE,294
Amasya,KARADENİZ,Merkez,FADİME MÜGE,295
Amasya,KARADENİZ,Göynücek,SEVGİ JALE,296
Amasya,KARADENİZ,Göynücek,SEVGİ ALİ,297
Amasya,KARADENİZ,Göynücek,SEVGİ MAHMUT,298
Amasya,KARADENİZ,Göynücek,SEVGİ MANSUR,299
Amasya,KARADENİZ,Göynücek,SEVGİ KÜRŞAD,300
Artvin,KARADENİZ,Yusufeli,SEVGİ GAMZE,301
Artvin,KARADENİZ,Yusufeli,SEVGİ MİRAC,302
Artvin,KARADENİZ,Yusufeli,SEVGİ YÜCEL,303
Artvin,KARADENİZ,Yusufeli,SEVGİ KUBİLAY,304
Artvin,KARADENİZ,Yusufeli,SEVGİ HAYATİ,305
Artvin,KARADENİZ,Berta,SEVGİ BEDRİYE,306
Artvin,KARADENİZ,Berta,SEVGİ MÜGE,307
Artvin,KARADENİZ,Berta,ERSEN JALE,308
Artvin,KARADENİZ,Berta,ERSEN ALİ,309
Artvin,KARADENİZ,Berta,ERSEN MAHMUT,310
Artvin,KARADENİZ,Hopa,ERSEN MANSUR,311
Artvin,KARADENİZ,Hopa,ERSEN KÜRŞAD,312
Artvin,KARADENİZ,Hopa,ERSEN GAMZE,313
Artvin,KARADENİZ,Hopa,ERSEN MİRAC,314
Artvin,KARADENİZ,Hopa,ERSEN YÜCEL,315
Artvin,KARADENİZ,BorCka,ERSEN KUBİLAY,316
Artvin,KARADENİZ,BorCka,ERSEN HAYATİ,317
Artvin,KARADENİZ,BorCka,ERSEN BEDRİYE,318
Artvin,KARADENİZ,BorCka,ERSEN MÜGE,319
Artvin,KARADENİZ,BorCka,ŞULE JALE,320
Artvin,KARADENİZ,Merya,ŞULE ALİ,321
Artvin,KARADENİZ,Merya,ŞULE MAHMUT,322
Artvin,KARADENİZ,Merya,ŞULE MANSUR,323
Artvin,KARADENİZ,Merya,ŞULE KÜRŞAD,324
Artvin,KARADENİZ,Merya,ŞULE GAMZE,325
Bartın,KARADENİZ,Amasra,ŞULE MİRAC,326
Bartın,KARADENİZ,Amasra,ŞULE YÜCEL,327
Bartın,KARADENİZ,Amasra,ŞULE KUBİLAY,328
Bartın,KARADENİZ,Amasra,ŞULE HAYATİ,329
Bartın,KARADENİZ,Amasra,ŞULE BEDRİYE,330
Bartın,KARADENİZ,Kurucaşile,ŞULE MÜGE,331
Bartın,KARADENİZ,Kurucaşile,MİNE JALE,332
Bartın,KARADENİZ,Kurucaşile,MİNE ALİ,333
Bartın,KARADENİZ,Kurucaşile,MİNE MAHMUT,334
Bartın,KARADENİZ,Kurucaşile,MİNE MANSUR,335
Bartın,KARADENİZ,Merkez,MİNE KÜRŞAD,336
Bartın,KARADENİZ,Merkez,MİNE GAMZE,337
Bartın,KARADENİZ,Merkez,MİNE MİRAC,338
Bartın,KARADENİZ,Merkez,MİNE YÜCEL,339
Bartın,KARADENİZ,Merkez,MİNE KUBİLAY,340
Bartın,KARADENİZ,Ulus,MİNE HAYATİ,341
Bartın,KARADENİZ,Ulus,MİNE BEDRİYE,342
Bartın,KARADENİZ,Ulus,MİNE MÜGE,343
Bartın,KARADENİZ,Ulus,MELİA JALE,344
Bartın,KARADENİZ,Ulus,MELİA ALİ,345
Bayburt,KARADENİZ,Aydıntepe,MELİA MAHMUT,346
Bayburt,KARADENİZ,Aydıntepe,MELİA MANSUR,347
Bayburt,KARADENİZ,Aydıntepe,MELİA KÜRŞAD,348
Bayburt,KARADENİZ,Aydıntepe,MELİA GAMZE,349
Bayburt,KARADENİZ,Aydıntepe,MELİA MİRAC,350
Bayburt,KARADENİZ,Demirözü,MELİA YÜCEL,351
Bayburt,KARADENİZ,Demirözü,MELİA KUBİLAY,352
Bayburt,KARADENİZ,Demirözü,MELİA HAYATİ,353
Bayburt,KARADENİZ,Demirözü,MELİA BEDRİYE,354
Bayburt,KARADENİZ,Demirözü,MELİA MÜGE,355
Bayburt,KARADENİZ,Merkez,ŞERMİN JALE,356
Bayburt,KARADENİZ,Merkez,ŞERMİN ALİ,357
Bayburt,KARADENİZ,Merkez,ŞERMİN MAHMUT,358
Bayburt,KARADENİZ,Merkez,ŞERMİN MANSUR,359
Bayburt,KARADENİZ,Merkez,ŞERMİN KÜRŞAD,360
Bolu,KARADENİZ,YeniCağa,ŞERMİN GAMZE,361
Bolu,KARADENİZ,YeniCağa,ŞERMİN MİRAC,362
Bolu,KARADENİZ,YeniCağa,ŞERMİN YÜCEL,363
Bolu,KARADENİZ,YeniCağa,ŞERMİN KUBİLAY,364
Bolu,KARADENİZ,YeniCağa,ŞERMİN HAYATİ,365
Bolu,KARADENİZ,Merkez,ŞERMİN BEDRİYE,366
Bolu,KARADENİZ,Merkez,ŞERMİN MÜGE,367
Bolu,KARADENİZ,Merkez,AYLİA JALE,368
Bolu,KARADENİZ,Merkez,AYLİA ALİ,369
Bolu,KARADENİZ,Merkez,AYLİA MAHMUT,370
Bolu,KARADENİZ,Dörtdivan,AYLİA MANSUR,371
Bolu,KARADENİZ,Dörtdivan,AYLİA KÜRŞAD,372
Bolu,KARADENİZ,Dörtdivan,AYLİA GAMZE,373
Bolu,KARADENİZ,Dörtdivan,AYLİA MİRAC,374
Bolu,KARADENİZ,Dörtdivan,AYLİA YÜCEL,375
Bolu,KARADENİZ,Kıbrıscık,AYLİA KUBİLAY,376
Bolu,KARADENİZ,Kıbrıscık,AYLİA HAYATİ,377
Bolu,KARADENİZ,Kıbrıscık,AYLİA BEDRİYE,378
Bolu,KARADENİZ,Kıbrıscık,AYLİA MÜGE,379
Bolu,KARADENİZ,Kıbrıscık,AHMET JALE,380
Bolu,KARADENİZ,Mengen,AHMET ALİ,381
Bolu,KARADENİZ,Mengen,AHMET MAHMUT,382
Bolu,KARADENİZ,Mengen,AHMET MANSUR,383
Bolu,KARADENİZ,Mengen,AHMET KÜRŞAD,384
Bolu,KARADENİZ,Mengen,AHMET GAMZE,385
Corum,KARADENİZ,Uğurludağ,AHMET MİRAC,386
Corum,KARADENİZ,Uğurludağ,AHMET YÜCEL,387
Corum,KARADENİZ,Uğurludağ,AHMET KUBİLAY,388
Corum,KARADENİZ,Uğurludağ,AHMET HAYATİ,389
Corum,KARADENİZ,Uğurludağ,AHMET BEDRİYE,390
Corum,KARADENİZ,Sungurlu,AHMET MÜGE,391
Corum,KARADENİZ,Sungurlu,EMRE JALE,392
Corum,KARADENİZ,Sungurlu,EMRE ALİ,393
Corum,KARADENİZ,Sungurlu,EMRE MAHMUT,394
Corum,KARADENİZ,Sungurlu,EMRE MANSUR,395
Corum,KARADENİZ,Kargı,EMRE KÜRŞAD,396
Corum,KARADENİZ,Kargı,EMRE GAMZE,397
Corum,KARADENİZ,Kargı,EMRE MİRAC,398
Corum,KARADENİZ,Kargı,EMRE YÜCEL,399
Corum,KARADENİZ,Kargı,EMRE KUBİLAY,400
Corum,KARADENİZ,LaCin,EMRE HAYATİ,401
Corum,KARADENİZ,LaCin,EMRE BEDRİYE,402
Corum,KARADENİZ,LaCin,EMRE MÜGE,403
Corum,KARADENİZ,LaCin,VEDAT JALE,404
Corum,KARADENİZ,LaCin,VEDAT ALİ,405
Corum,KARADENİZ,Dodurga,VEDAT MAHMUT,406
Corum,KARADENİZ,Dodurga,VEDAT MANSUR,407
Corum,KARADENİZ,Dodurga,VEDAT KÜRŞAD,408
Corum,KARADENİZ,Dodurga,VEDAT GAMZE,409
Corum,KARADENİZ,Dodurga,VEDAT MİRAC,410
Gümüşhane,KARADENİZ,Kelkit,VEDAT YÜCEL,411
Gümüşhane,KARADENİZ,Kelkit,VEDAT KUBİLAY,412
Gümüşhane,KARADENİZ,Kelkit,VEDAT HAYATİ,413
Gümüşhane,KARADENİZ,Kelkit,VEDAT BEDRİYE,414
Gümüşhane,KARADENİZ,Kelkit,VEDAT MÜGE,415
Gümüşhane,KARADENİZ,Köse,HALUK JALE,416
Gümüşhane,KARADENİZ,Köse,HALUK ALİ,417
Gümüşhane,KARADENİZ,Köse,HALUK MAHMUT,418
Gümüşhane,KARADENİZ,Köse,HALUK MANSUR,419
Gümüşhane,KARADENİZ,Köse,HALUK KÜRŞAD,420
Gümüşhane,KARADENİZ,Torul,HALUK GAMZE,421
Gümüşhane,KARADENİZ,Torul,HALUK MİRAC,422
Gümüşhane,KARADENİZ,Torul,HALUK YÜCEL,423
Gümüşhane,KARADENİZ,Torul,HALUK KUBİLAY,424
Gümüşhane,KARADENİZ,Torul,HALUK HAYATİ,425
Gümüşhane,KARADENİZ,Merkez,HALUK BEDRİYE,426
Gümüşhane,KARADENİZ,Merkez,HALUK MÜGE,427
Gümüşhane,KARADENİZ,Merkez,SEZGİN JALE,428
Gümüşhane,KARADENİZ,Merkez,SEZGİN ALİ,429
Gümüşhane,KARADENİZ,Merkez,SEZGİN MAHMUT,430
Gümüşhane,KARADENİZ,Şiran,SEZGİN MANSUR,431
Gümüşhane,KARADENİZ,Şiran,SEZGİN KÜRŞAD,432
Gümüşhane,KARADENİZ,Şiran,SEZGİN GAMZE,433
Gümüşhane,KARADENİZ,Şiran,SEZGİN MİRAC,434
Gümüşhane,KARADENİZ,Şiran,SEZGİN YÜCEL,435
Giresun,KARADENİZ,Alucra,SEZGİN KUBİLAY,436
Giresun,KARADENİZ,Alucra,SEZGİN HAYATİ,437
Giresun,KARADENİZ,Alucra,SEZGİN BEDRİYE,438
Giresun,KARADENİZ,Alucra,SEZGİN MÜGE,439
Giresun,KARADENİZ,Alucra,ZEHRA JALE,440
Giresun,KARADENİZ,Keşap,ZEHRA ALİ,441
Giresun,KARADENİZ,Keşap,ZEHRA MAHMUT,442
Giresun,KARADENİZ,Keşap,ZEHRA MANSUR,443
Giresun,KARADENİZ,Keşap,ZEHRA KÜRŞAD,444
Giresun,KARADENİZ,Keşap,ZEHRA GAMZE,445
Giresun,KARADENİZ,Tirebolu,ZEHRA MİRAC,446
Giresun,KARADENİZ,Tirebolu,ZEHRA YÜCEL,447
Giresun,KARADENİZ,Tirebolu,ZEHRA KUBİLAY,448
Giresun,KARADENİZ,Tirebolu,ZEHRA HAYATİ,449
Giresun,KARADENİZ,Tirebolu,ZEHRA BEDRİYE,450
Giresun,KARADENİZ,Görele,ZEHRA MÜGE,451
Giresun,KARADENİZ,Görele,BETÜL JALE,452
Giresun,KARADENİZ,Görele,BETÜL ALİ,453
Giresun,KARADENİZ,Görele,BETÜL MAHMUT,454
Giresun,KARADENİZ,Görele,BETÜL MANSUR,455
Giresun,KARADENİZ,Eynesil,BETÜL KÜRŞAD,456
Giresun,KARADENİZ,Eynesil,BETÜL GAMZE,457
Giresun,KARADENİZ,Eynesil,BETÜL MİRAC,458
Giresun,KARADENİZ,Eynesil,BETÜL YÜCEL,459
Giresun,KARADENİZ,Eynesil,BETÜL KUBİLAY,460
Karabük,KARADENİZ,Eflani,BETÜL HAYATİ,461
Karabük,KARADENİZ,Eflani,BETÜL BEDRİYE,462
Karabük,KARADENİZ,Eflani,BETÜL MÜGE,463
Karabük,KARADENİZ,Eflani,VOLKAN JALE,464
Karabük,KARADENİZ,Eflani,VOLKAN ALİ,465
Karabük,KARADENİZ,Yenice,VOLKAN MAHMUT,466
Karabük,KARADENİZ,Yenice,VOLKAN MANSUR,467
Karabük,KARADENİZ,Yenice,VOLKAN KÜRŞAD,468
Karabük,KARADENİZ,Yenice,VOLKAN GAMZE,469
Karabük,KARADENİZ,Yenice,VOLKAN MİRAC,470
Karabük,KARADENİZ,Merkez,VOLKAN YÜCEL,471
Karabük,KARADENİZ,Merkez,VOLKAN KUBİLAY,472
Karabük,KARADENİZ,Merkez,VOLKAN HAYATİ,473
Karabük,KARADENİZ,Merkez,VOLKAN BEDRİYE,474
Karabük,KARADENİZ,Merkez,VOLKAN MÜGE,475
Karabük,KARADENİZ,Ovacık,ÜNSAL JALE,476
Karabük,KARADENİZ,Ovacık,ÜNSAL ALİ,477
Karabük,KARADENİZ,Ovacık,ÜNSAL MAHMUT,478
Karabük,KARADENİZ,Ovacık,ÜNSAL MANSUR,479
Karabük,KARADENİZ,Ovacık,ÜNSAL KÜRŞAD,480
Karabük,KARADENİZ,Safranbolu,ÜNSAL GAMZE,481
Karabük,KARADENİZ,Safranbolu,ÜNSAL MİRAC,482
Karabük,KARADENİZ,Safranbolu,ÜNSAL YÜCEL,483
Karabük,KARADENİZ,Safranbolu,ÜNSAL KUBİLAY,484
Karabük,KARADENİZ,Safranbolu,ÜNSAL HAYATİ,485
Kastamonu,KARADENİZ,Cide,ÜNSAL BEDRİYE,486
Kastamonu,KARADENİZ,Cide,ÜNSAL MÜGE,487
Kastamonu,KARADENİZ,Cide,KORAY JALE,488
Kastamonu,KARADENİZ,Cide,KORAY ALİ,489
Kastamonu,KARADENİZ,Cide,KORAY MAHMUT,490
Kastamonu,KARADENİZ,İnebolu,KORAY MANSUR,491
Kastamonu,KARADENİZ,İnebolu,KORAY KÜRŞAD,492
Kastamonu,KARADENİZ,İnebolu,KORAY GAMZE,493
Kastamonu,KARADENİZ,İnebolu,KORAY MİRAC,494
Kastamonu,KARADENİZ,İnebolu,KORAY YÜCEL,495
Kastamonu,KARADENİZ,Küre,KORAY KUBİLAY,496
Kastamonu,KARADENİZ,Küre,KORAY HAYATİ,497
Kastamonu,KARADENİZ,Küre,KORAY BEDRİYE,498
Kastamonu,KARADENİZ,Küre,KORAY MÜGE,499
Kastamonu,KARADENİZ,Küre,GÜLŞAH JALE,500
Kastamonu,KARADENİZ,Hanönü,GÜLŞAH ALİ,501
Kastamonu,KARADENİZ,Hanönü,GÜLŞAH MAHMUT,502
Kastamonu,KARADENİZ,Hanönü,GÜLŞAH MANSUR,503
Kastamonu,KARADENİZ,Hanönü,GÜLŞAH KÜRŞAD,504
Kastamonu,KARADENİZ,Hanönü,GÜLŞAH GAMZE,505
Kastamonu,KARADENİZ,Seydiler,GÜLŞAH MİRAC,506
Kastamonu,KARADENİZ,Seydiler,GÜLŞAH YÜCEL,507
Kastamonu,KARADENİZ,Seydiler,GÜLŞAH KUBİLAY,508
Kastamonu,KARADENİZ,Seydiler,GÜLŞAH HAYATİ,509
Kastamonu,KARADENİZ,Seydiler,GÜLŞAH BEDRİYE,510
Ordu,KARADENİZ,İkizce,GÜLŞAH MÜGE,511
Ordu,KARADENİZ,İkizce,HİCRAN JALE,512
Ordu,KARADENİZ,İkizce,HİCRAN ALİ,513
Ordu,KARADENİZ,İkizce,HİCRAN MAHMUT,514
Ordu,KARADENİZ,İkizce,HİCRAN MANSUR,515
Ordu,KARADENİZ,Kabadüz,HİCRAN KÜRŞAD,516
Ordu,KARADENİZ,Kabadüz,HİCRAN GAMZE,517
Ordu,KARADENİZ,Kabadüz,HİCRAN MİRAC,518
Ordu,KARADENİZ,Kabadüz,HİCRAN YÜCEL,519
Ordu,KARADENİZ,Kabadüz,HİCRAN KUBİLAY,520
Ordu,KARADENİZ,Kabataş,HİCRAN HAYATİ,521
Ordu,KARADENİZ,Kabataş,HİCRAN BEDRİYE,522
Ordu,KARADENİZ,Kabataş,HİCRAN MÜGE,523
Ordu,KARADENİZ,Kabataş,YUSUF JALE,524
Ordu,KARADENİZ,Kabataş,YUSUF ALİ,525
Ordu,KARADENİZ,Korgan,YUSUF MAHMUT,526
Ordu,KARADENİZ,Korgan,YUSUF MANSUR,527
Ordu,KARADENİZ,Korgan,YUSUF KÜRŞAD,528
Ordu,KARADENİZ,Korgan,YUSUF GAMZE,529
Ordu,KARADENİZ,Korgan,YUSUF MİRAC,530
Ordu,KARADENİZ,Kumru,YUSUF YÜCEL,531
Ordu,KARADENİZ,Kumru,YUSUF KUBİLAY,532
Ordu,KARADENİZ,Kumru,YUSUF HAYATİ,533
Ordu,KARADENİZ,Kumru,YUSUF BEDRİYE,534
Ordu,KARADENİZ,Kumru,YUSUF MÜGE,535
Rize,KARADENİZ,Pazar,KENAN JALE,536
Rize,KARADENİZ,Pazar,KENAN ALİ,537
Rize,KARADENİZ,Pazar,KENAN MAHMUT,538
Rize,KARADENİZ,Pazar,KENAN MANSUR,539
Rize,KARADENİZ,Pazar,KENAN KÜRŞAD,540
Rize,KARADENİZ,Kalkandere,KENAN GAMZE,541
Rize,KARADENİZ,Kalkandere,KENAN MİRAC,542
Rize,KARADENİZ,Kalkandere,KENAN YÜCEL,543
Rize,KARADENİZ,Kalkandere,KENAN KUBİLAY,544
Rize,KARADENİZ,Kalkandere,KENAN HAYATİ,545
Rize,KARADENİZ,İyidere,KENAN BEDRİYE,546
Rize,KARADENİZ,İyidere,KENAN MÜGE,547
Rize,KARADENİZ,İyidere,YUSUF JALE,548
Rize,KARADENİZ,İyidere,YUSUF ALİ,549
Rize,KARADENİZ,İyidere,YUSUF MAHMUT,550
Rize,KARADENİZ,İkizdere,YUSUF MANSUR,551
Rize,KARADENİZ,İkizdere,YUSUF KÜRŞAD,552
Rize,KARADENİZ,İkizdere,YUSUF GAMZE,553
Rize,KARADENİZ,İkizdere,YUSUF MİRAC,554
Rize,KARADENİZ,İkizdere,YUSUF YÜCEL,555
Rize,KARADENİZ,Cayeli,YUSUF KUBİLAY,556
Rize,KARADENİZ,Cayeli,YUSUF HAYATİ,557
Rize,KARADENİZ,Cayeli,YUSUF BEDRİYE,558
Rize,KARADENİZ,Cayeli,YUSUF MÜGE,559
Rize,KARADENİZ,Cayeli,ORHAN JALE,560
Samsun,KARADENİZ,Yakakent,ORHAN ALİ,561
Samsun,KARADENİZ,Yakakent,ORHAN MAHMUT,562
Samsun,KARADENİZ,Yakakent,ORHAN MANSUR,563
Samsun,KARADENİZ,Yakakent,ORHAN KÜRŞAD,564
Samsun,KARADENİZ,Yakakent,ORHAN GAMZE,565
Samsun,KARADENİZ,Vezirköprü,ORHAN MİRAC,566
Samsun,KARADENİZ,Vezirköprü,ORHAN YÜCEL,567
Samsun,KARADENİZ,Vezirköprü,ORHAN KUBİLAY,568
Samsun,KARADENİZ,Vezirköprü,ORHAN HAYATİ,569
Samsun,KARADENİZ,Vezirköprü,ORHAN BEDRİYE,570
Samsun,KARADENİZ,Terme,ORHAN MÜGE,571
Samsun,KARADENİZ,Terme,FÜSUN JALE,572
Samsun,KARADENİZ,Terme,FÜSUN ALİ,573
Samsun,KARADENİZ,Terme,FÜSUN MAHMUT,574
Samsun,KARADENİZ,Terme,FÜSUN MANSUR,575
Samsun,KARADENİZ,Tekkeköy,FÜSUN KÜRŞAD,576
Samsun,KARADENİZ,Tekkeköy,FÜSUN GAMZE,577
Samsun,KARADENİZ,Tekkeköy,FÜSUN MİRAC,578
Samsun,KARADENİZ,Tekkeköy,FÜSUN YÜCEL,579
Samsun,KARADENİZ,Tekkeköy,FÜSUN KUBİLAY,580
Samsun,KARADENİZ,İlkadım,FÜSUN HAYATİ,581
Samsun,KARADENİZ,İlkadım,FÜSUN BEDRİYE,582
Samsun,KARADENİZ,İlkadım,FÜSUN MÜGE,583
Samsun,KARADENİZ,İlkadım,ÖZLEM JALE,584
Samsun,KARADENİZ,İlkadım,ÖZLEM ALİ,585
Sinop,KARADENİZ,Türkeli,ÖZLEM MAHMUT,586
Sinop,KARADENİZ,Türkeli,ÖZLEM MANSUR,587
Sinop,KARADENİZ,Türkeli,ÖZLEM KÜRŞAD,588
Sinop,KARADENİZ,Türkeli,ÖZLEM GAMZE,589
Sinop,KARADENİZ,Türkeli,ÖZLEM MİRAC,590
Sinop,KARADENİZ,Saraydüzü,ÖZLEM YÜCEL,591
Sinop,KARADENİZ,Saraydüzü,ÖZLEM KUBİLAY,592
Sinop,KARADENİZ,Saraydüzü,ÖZLEM HAYATİ,593
Sinop,KARADENİZ,Saraydüzü,ÖZLEM BEDRİYE,594
Sinop,KARADENİZ,Saraydüzü,ÖZLEM MÜGE,595
Sinop,KARADENİZ,Gerze,MEHMET JALE,596
Sinop,KARADENİZ,Gerze,MEHMET ALİ,597
Sinop,KARADENİZ,Gerze,MEHMET MAHMUT,598
Sinop,KARADENİZ,Gerze,MEHMET MANSUR,599
Sinop,KARADENİZ,Gerze,MEHMET KÜRŞAD,600
Sinop,KARADENİZ,Erfelek,MEHMET GAMZE,601
Sinop,KARADENİZ,Erfelek,MEHMET MİRAC,602
Sinop,KARADENİZ,Erfelek,MEHMET YÜCEL,603
Sinop,KARADENİZ,Erfelek,MEHMET KUBİLAY,604
Sinop,KARADENİZ,Erfelek,MEHMET HAYATİ,605
Sinop,KARADENİZ,Durağan,MEHMET BEDRİYE,606
Sinop,KARADENİZ,Durağan,MEHMET MÜGE,607
Sinop,KARADENİZ,Durağan,SERKAN JALE,608
Sinop,KARADENİZ,Durağan,SERKAN ALİ,609
Sinop,KARADENİZ,Durağan,SERKAN MAHMUT,610
Tokat,KARADENİZ,Zile,SERKAN MANSUR,611
Tokat,KARADENİZ,Zile,SERKAN KÜRŞAD,612
Tokat,KARADENİZ,Zile,SERKAN GAMZE,613
Tokat,KARADENİZ,Zile,SERKAN MİRAC,614
Tokat,KARADENİZ,Zile,SERKAN YÜCEL,615
Tokat,KARADENİZ,Yeşilyurt,SERKAN KUBİLAY,616
Tokat,KARADENİZ,Yeşilyurt,SERKAN HAYATİ,617
Tokat,KARADENİZ,Yeşilyurt,SERKAN BEDRİYE,618
Tokat,KARADENİZ,Yeşilyurt,SERKAN MÜGE,619
Tokat,KARADENİZ,Yeşilyurt,İKRAM JALE,620
Tokat,KARADENİZ,Turhal,İKRAM ALİ,621
Tokat,KARADENİZ,Turhal,İKRAM MAHMUT,622
Tokat,KARADENİZ,Turhal,İKRAM MANSUR,623
Tokat,KARADENİZ,Turhal,İKRAM KÜRŞAD,624
Tokat,KARADENİZ,Turhal,İKRAM GAMZE,625
Tokat,KARADENİZ,Erbaa,İKRAM MİRAC,626
Tokat,KARADENİZ,Erbaa,İKRAM YÜCEL,627
Tokat,KARADENİZ,Erbaa,İKRAM KUBİLAY,628
Tokat,KARADENİZ,Erbaa,İKRAM HAYATİ,629
Tokat,KARADENİZ,Erbaa,İKRAM BEDRİYE,630
Tokat,KARADENİZ,Sulusaray,İKRAM MÜGE,631
Tokat,KARADENİZ,Sulusaray,ÜLKÜHAN JALE,632
Tokat,KARADENİZ,Sulusaray,ÜLKÜHAN ALİ,633
Tokat,KARADENİZ,Sulusaray,ÜLKÜHAN MAHMUT,634
Tokat,KARADENİZ,Sulusaray,ÜLKÜHAN MANSUR,635
Trabzon,KARADENİZ,Yomra,ÜLKÜHAN KÜRŞAD,636
Trabzon,KARADENİZ,Yomra,ÜLKÜHAN GAMZE,637
Trabzon,KARADENİZ,Yomra,ÜLKÜHAN MİRAC,638
Trabzon,KARADENİZ,Yomra,ÜLKÜHAN YÜCEL,639
Trabzon,KARADENİZ,Yomra,ÜLKÜHAN KUBİLAY,640
Trabzon,KARADENİZ,Vakfıkebir,ÜLKÜHAN HAYATİ,641
Trabzon,KARADENİZ,Vakfıkebir,ÜLKÜHAN BEDRİYE,642
Trabzon,KARADENİZ,Vakfıkebir,ÜLKÜHAN MÜGE,643
Trabzon,KARADENİZ,Vakfıkebir,NUH JALE,644
Trabzon,KARADENİZ,Vakfıkebir,NUH ALİ,645
Trabzon,KARADENİZ,Of,NUH MAHMUT,646
Trabzon,KARADENİZ,Of,NUH MANSUR,647
Trabzon,KARADENİZ,Of,NUH KÜRŞAD,648
Trabzon,KARADENİZ,Of,NUH GAMZE,649
Trabzon,KARADENİZ,Of,NUH MİRAC,650
Trabzon,KARADENİZ,Şalpazarı,NUH YÜCEL,651
Trabzon,KARADENİZ,Şalpazarı,NUH KUBİLAY,652
Trabzon,KARADENİZ,Şalpazarı,NUH HAYATİ,653
Trabzon,KARADENİZ,Şalpazarı,NUH BEDRİYE,654
Trabzon,KARADENİZ,Şalpazarı,NUH MÜGE,655
Trabzon,KARADENİZ,MaCka,İSMAİL JALE,656
Trabzon,KARADENİZ,MaCka,İSMAİL ALİ,657
Trabzon,KARADENİZ,MaCka,İSMAİL MAHMUT,658
Trabzon,KARADENİZ,MaCka,İSMAİL MANSUR,659
Trabzon,KARADENİZ,MaCka,İSMAİL KÜRŞAD,660
Zonguldak,KARADENİZ,Kozlu,İSMAİL GAMZE,661
Zonguldak,KARADENİZ,Kozlu,İSMAİL MİRAC,662
Zonguldak,KARADENİZ,Kozlu,İSMAİL YÜCEL,663
Zonguldak,KARADENİZ,Kozlu,İSMAİL KUBİLAY,664
Zonguldak,KARADENİZ,Kozlu,İSMAİL HAYATİ,665
Zonguldak,KARADENİZ,Kilimli,İSMAİL BEDRİYE,666
Zonguldak,KARADENİZ,Kilimli,İSMAİL MÜGE,667
Zonguldak,KARADENİZ,Kilimli,GÜLŞAH JALE,668
Zonguldak,KARADENİZ,Kilimli,GÜLŞAH ALİ,669
Zonguldak,KARADENİZ,Kilimli,GÜLŞAH MAHMUT,670
Zonguldak,KARADENİZ,Caycuma,GÜLŞAH MANSUR,671
Zonguldak,KARADENİZ,Caycuma,GÜLŞAH KÜRŞAD,672
Zonguldak,KARADENİZ,Caycuma,GÜLŞAH GAMZE,673
Zonguldak,KARADENİZ,Caycuma,GÜLŞAH MİRAC,674
Zonguldak,KARADENİZ,Caycuma,GÜLŞAH YÜCEL,675
Zonguldak,KARADENİZ,Ereğli,GÜLŞAH KUBİLAY,676
Zonguldak,KARADENİZ,Ereğli,GÜLŞAH HAYATİ,677
Zonguldak,KARADENİZ,Ereğli,GÜLŞAH BEDRİYE,678
Zonguldak,KARADENİZ,Ereğli,GÜLŞAH MÜGE,679
Zonguldak,KARADENİZ,Ereğli,AYKUT JALE,680
Zonguldak,KARADENİZ,GökCebey,AYKUT ALİ,681
Zonguldak,KARADENİZ,GökCebey,AYKUT MAHMUT,682
Zonguldak,KARADENİZ,GökCebey,AYKUT MANSUR,683
Zonguldak,KARADENİZ,GökCebey,AYKUT KÜRŞAD,684
Zonguldak,KARADENİZ,GökCebey,AYKUT GAMZE,685
Ankara,İC ANADOLU,Mamak,AYKUT MİRAC,686
Ankara,İC ANADOLU,Mamak,AYKUT YÜCEL,687
Ankara,İC ANADOLU,Mamak,AYKUT KUBİLAY,688
Ankara,İC ANADOLU,Mamak,AYKUT HAYATİ,689
Ankara,İC ANADOLU,Mamak,AYKUT BEDRİYE,690
Ankara,İC ANADOLU,KeCiören,AYKUT MÜGE,691
Ankara,İC ANADOLU,KeCiören,NEŞE JALE,692
Ankara,İC ANADOLU,KeCiören,NEŞE ALİ,693
Ankara,İC ANADOLU,KeCiören,NEŞE MAHMUT,694
Ankara,İC ANADOLU,KeCiören,NEŞE MANSUR,695
Ankara,İC ANADOLU,Etimesgut,NEŞE KÜRŞAD,696
Ankara,İC ANADOLU,Etimesgut,NEŞE GAMZE,697
Ankara,İC ANADOLU,Etimesgut,NEŞE MİRAC,698
Ankara,İC ANADOLU,Etimesgut,NEŞE YÜCEL,699
Ankara,İC ANADOLU,Etimesgut,NEŞE KUBİLAY,700
Ankara,İC ANADOLU,Evren,NEŞE HAYATİ,701
Ankara,İC ANADOLU,Evren,NEŞE BEDRİYE,702
Ankara,İC ANADOLU,Evren,NEŞE MÜGE,703
Ankara,İC ANADOLU,Evren,NEZAKET JALE,704
Ankara,İC ANADOLU,Evren,NEZAKET ALİ,705
Ankara,İC ANADOLU,Güdül,NEZAKET MAHMUT,706
Ankara,İC ANADOLU,Güdül,NEZAKET MANSUR,707
Ankara,İC ANADOLU,Güdül,NEZAKET KÜRŞAD,708
Ankara,İC ANADOLU,Güdül,NEZAKET GAMZE,709
Ankara,İC ANADOLU,Güdül,NEZAKET MİRAC,710
Konya,İC ANADOLU,Yunak,NEZAKET YÜCEL,711
Konya,İC ANADOLU,Yunak,NEZAKET KUBİLAY,712
Konya,İC ANADOLU,Yunak,NEZAKET HAYATİ,713
Konya,İC ANADOLU,Yunak,NEZAKET BEDRİYE,714
Konya,İC ANADOLU,Yunak,NEZAKET MÜGE,715
Konya,İC ANADOLU,Yalıhüyük,MUHAMMET JALE,716
Konya,İC ANADOLU,Yalıhüyük,MUHAMMET ALİ,717
Konya,İC ANADOLU,Yalıhüyük,MUHAMMET MAHMUT,718
Konya,İC ANADOLU,Yalıhüyük,MUHAMMET MANSUR,719
Konya,İC ANADOLU,Yalıhüyük,MUHAMMET KÜRŞAD,720
Konya,İC ANADOLU,Seydişehir,MUHAMMET GAMZE,721
Konya,İC ANADOLU,Seydişehir,MUHAMMET MİRAC,722
Konya,İC ANADOLU,Seydişehir,MUHAMMET YÜCEL,723
Konya,İC ANADOLU,Seydişehir,MUHAMMET KUBİLAY,724
Konya,İC ANADOLU,Seydişehir,MUHAMMET HAYATİ,725
Konya,İC ANADOLU,Meram,MUHAMMET BEDRİYE,726
Konya,İC ANADOLU,Meram,MUHAMMET MÜGE,727
Konya,İC ANADOLU,Meram,DEVRAN JALE,728
Konya,İC ANADOLU,Meram,DEVRAN ALİ,729
Konya,İC ANADOLU,Meram,DEVRAN MAHMUT,730
Konya,İC ANADOLU,Kulu,DEVRAN MANSUR,731
Konya,İC ANADOLU,Kulu,DEVRAN KÜRŞAD,732
Konya,İC ANADOLU,Kulu,DEVRAN GAMZE,733
Konya,İC ANADOLU,Kulu,DEVRAN MİRAC,734
Konya,İC ANADOLU,Kulu,DEVRAN YÜCEL,735
Kayseri,İC ANADOLU,Yeşilhisar,DEVRAN KUBİLAY,736
Kayseri,İC ANADOLU,Yeşilhisar,DEVRAN HAYATİ,737
Kayseri,İC ANADOLU,Yeşilhisar,DEVRAN BEDRİYE,738
Kayseri,İC ANADOLU,Yeşilhisar,DEVRAN MÜGE,739
Kayseri,İC ANADOLU,Yeşilhisar,HANDAN JALE,740
Kayseri,İC ANADOLU,Yahyalı,HANDAN ALİ,741
Kayseri,İC ANADOLU,Yahyalı,HANDAN MAHMUT,742
Kayseri,İC ANADOLU,Yahyalı,HANDAN MANSUR,743
Kayseri,İC ANADOLU,Yahyalı,HANDAN KÜRŞAD,744
Kayseri,İC ANADOLU,Yahyalı,HANDAN GAMZE,745
Kayseri,İC ANADOLU,Tomarza,HANDAN MİRAC,746
Kayseri,İC ANADOLU,Tomarza,HANDAN YÜCEL,747
Kayseri,İC ANADOLU,Tomarza,HANDAN KUBİLAY,748
Kayseri,İC ANADOLU,Tomarza,HANDAN HAYATİ,749
Kayseri,İC ANADOLU,Tomarza,HANDAN BEDRİYE,750
Kayseri,İC ANADOLU,Sarız,HANDAN MÜGE,751
Kayseri,İC ANADOLU,Sarız,ATİLLA JALE,752
Kayseri,İC ANADOLU,Sarız,ATİLLA ALİ,753
Kayseri,İC ANADOLU,Sarız,ATİLLA MAHMUT,754
Kayseri,İC ANADOLU,Sarız,ATİLLA MANSUR,755
Kayseri,İC ANADOLU,İncesu,ATİLLA KÜRŞAD,756
Kayseri,İC ANADOLU,İncesu,ATİLLA GAMZE,757
Kayseri,İC ANADOLU,İncesu,ATİLLA MİRAC,758
Kayseri,İC ANADOLU,İncesu,ATİLLA YÜCEL,759
Kayseri,İC ANADOLU,İncesu,ATİLLA KUBİLAY,760
Eskişehir,İC ANADOLU,Tepebaşı,ATİLLA HAYATİ,761
Eskişehir,İC ANADOLU,Tepebaşı,ATİLLA BEDRİYE,762
Eskişehir,İC ANADOLU,Tepebaşı,ATİLLA MÜGE,763
Eskişehir,İC ANADOLU,Tepebaşı,AYŞEGÜL JALE,764
Eskişehir,İC ANADOLU,Tepebaşı,AYŞEGÜL ALİ,765
Eskişehir,İC ANADOLU,Sivrihisar,AYŞEGÜL MAHMUT,766
Eskişehir,İC ANADOLU,Sivrihisar,AYŞEGÜL MANSUR,767
Eskişehir,İC ANADOLU,Sivrihisar,AYŞEGÜL KÜRŞAD,768
Eskişehir,İC ANADOLU,Sivrihisar,AYŞEGÜL GAMZE,769
Eskişehir,İC ANADOLU,Sivrihisar,AYŞEGÜL MİRAC,770
Eskişehir,İC ANADOLU,Seyitgazi,AYŞEGÜL YÜCEL,771
Eskişehir,İC ANADOLU,Seyitgazi,AYŞEGÜL KUBİLAY,772
Eskişehir,İC ANADOLU,Seyitgazi,AYŞEGÜL HAYATİ,773
Eskişehir,İC ANADOLU,Seyitgazi,AYŞEGÜL BEDRİYE,774
Eskişehir,İC ANADOLU,Seyitgazi,AYŞEGÜL MÜGE,775
Eskişehir,İC ANADOLU,Sarıcakaya,PINAR JALE,776
Eskişehir,İC ANADOLU,Sarıcakaya,PINAR ALİ,777
Eskişehir,İC ANADOLU,Sarıcakaya,PINAR MAHMUT,778
Eskişehir,İC ANADOLU,Sarıcakaya,PINAR MANSUR,779
Eskişehir,İC ANADOLU,Sarıcakaya,PINAR KÜRŞAD,780
Eskişehir,İC ANADOLU,Odunpazarı,PINAR GAMZE,781
Eskişehir,İC ANADOLU,Odunpazarı,PINAR MİRAC,782
Eskişehir,İC ANADOLU,Odunpazarı,PINAR YÜCEL,783
Eskişehir,İC ANADOLU,Odunpazarı,PINAR KUBİLAY,784
Eskişehir,İC ANADOLU,Odunpazarı,PINAR HAYATİ,785
Sivas,İC ANADOLU,Zara,PINAR BEDRİYE,786
Sivas,İC ANADOLU,Zara,PINAR MÜGE,787
Sivas,İC ANADOLU,Zara,ARZU JALE,788
Sivas,İC ANADOLU,Zara,ARZU ALİ,789
Sivas,İC ANADOLU,Zara,ARZU MAHMUT,790
Sivas,İC ANADOLU,Yıldızeli,ARZU MANSUR,791
Sivas,İC ANADOLU,Yıldızeli,ARZU KÜRŞAD,792
Sivas,İC ANADOLU,Yıldızeli,ARZU GAMZE,793
Sivas,İC ANADOLU,Yıldızeli,ARZU MİRAC,794
Sivas,İC ANADOLU,Yıldızeli,ARZU YÜCEL,795
Sivas,İC ANADOLU,Ulaş,ARZU KUBİLAY,796
Sivas,İC ANADOLU,Ulaş,ARZU HAYATİ,797
Sivas,İC ANADOLU,Ulaş,ARZU BEDRİYE,798
Sivas,İC ANADOLU,Ulaş,ARZU MÜGE,799
Sivas,İC ANADOLU,Ulaş,NEŞE JALE,800
Sivas,İC ANADOLU,Şarkışla,NEŞE ALİ,801
Sivas,İC ANADOLU,Şarkışla,NEŞE MAHMUT,802
Sivas,İC ANADOLU,Şarkışla,NEŞE MANSUR,803
Sivas,İC ANADOLU,Şarkışla,NEŞE KÜRŞAD,804
Sivas,İC ANADOLU,Şarkışla,NEŞE GAMZE,805
Sivas,İC ANADOLU,Suşehri,NEŞE MİRAC,806
Sivas,İC ANADOLU,Suşehri,NEŞE YÜCEL,807
Sivas,İC ANADOLU,Suşehri,NEŞE KUBİLAY,808
Sivas,İC ANADOLU,Suşehri,NEŞE HAYATİ,809
Sivas,İC ANADOLU,Suşehri,NEŞE BEDRİYE,810
Kırıkkale,İC ANADOLU,Yahşihan,NEŞE MÜGE,811
Kırıkkale,İC ANADOLU,Yahşihan,CEYHAN JALE,812
Kırıkkale,İC ANADOLU,Yahşihan,CEYHAN ALİ,813
Kırıkkale,İC ANADOLU,Yahşihan,CEYHAN MAHMUT,814
Kırıkkale,İC ANADOLU,Yahşihan,CEYHAN MANSUR,815
Kırıkkale,İC ANADOLU,Sulakyurt,CEYHAN KÜRŞAD,816
Kırıkkale,İC ANADOLU,Sulakyurt,CEYHAN GAMZE,817
Kırıkkale,İC ANADOLU,Sulakyurt,CEYHAN MİRAC,818
Kırıkkale,İC ANADOLU,Sulakyurt,CEYHAN YÜCEL,819
Kırıkkale,İC ANADOLU,Sulakyurt,CEYHAN KUBİLAY,820
Kırıkkale,İC ANADOLU,Keskin,CEYHAN HAYATİ,821
Kırıkkale,İC ANADOLU,Keskin,CEYHAN BEDRİYE,822
Kırıkkale,İC ANADOLU,Keskin,CEYHAN MÜGE,823
Kırıkkale,İC ANADOLU,Keskin,HASAN JALE,824
Kırıkkale,İC ANADOLU,Keskin,HASAN ALİ,825
Kırıkkale,İC ANADOLU,Celebi,HASAN MAHMUT,826
Kırıkkale,İC ANADOLU,Celebi,HASAN MANSUR,827
Kırıkkale,İC ANADOLU,Celebi,HASAN KÜRŞAD,828
Kırıkkale,İC ANADOLU,Celebi,HASAN GAMZE,829
Kırıkkale,İC ANADOLU,Celebi,HASAN MİRAC,830
Kırıkkale,İC ANADOLU,KarakeCili,HASAN YÜCEL,831
Kırıkkale,İC ANADOLU,KarakeCili,HASAN KUBİLAY,832
Kırıkkale,İC ANADOLU,KarakeCili,HASAN HAYATİ,833
Kırıkkale,İC ANADOLU,KarakeCili,HASAN BEDRİYE,834
Kırıkkale,İC ANADOLU,KarakeCili,HASAN MÜGE,835
Aksaray,İC ANADOLU,Sultanhanı,SAMİ JALE,836
Aksaray,İC ANADOLU,Sultanhanı,SAMİ ALİ,837
Aksaray,İC ANADOLU,Sultanhanı,SAMİ MAHMUT,838
Aksaray,İC ANADOLU,Sultanhanı,SAMİ MANSUR,839
Aksaray,İC ANADOLU,Sultanhanı,SAMİ KÜRŞAD,840
Aksaray,İC ANADOLU,Sarıyahşi,SAMİ GAMZE,841
Aksaray,İC ANADOLU,Sarıyahşi,SAMİ MİRAC,842
Aksaray,İC ANADOLU,Sarıyahşi,SAMİ YÜCEL,843
Aksaray,İC ANADOLU,Sarıyahşi,SAMİ KUBİLAY,844
Aksaray,İC ANADOLU,Sarıyahşi,SAMİ HAYATİ,845
Aksaray,İC ANADOLU,Ortaköy,SAMİ BEDRİYE,846
Aksaray,İC ANADOLU,Ortaköy,SAMİ MÜGE,847
Aksaray,İC ANADOLU,Ortaköy,MEHMET JALE,848
Aksaray,İC ANADOLU,Ortaköy,MEHMET ALİ,849
Aksaray,İC ANADOLU,Ortaköy,MEHMET MAHMUT,850
Aksaray,İC ANADOLU,Güzelyurt,MEHMET MANSUR,851
Aksaray,İC ANADOLU,Güzelyurt,MEHMET KÜRŞAD,852
Aksaray,İC ANADOLU,Güzelyurt,MEHMET GAMZE,853
Aksaray,İC ANADOLU,Güzelyurt,MEHMET MİRAC,854
Aksaray,İC ANADOLU,Güzelyurt,MEHMET YÜCEL,855
Aksaray,İC ANADOLU,Merkez,MEHMET KUBİLAY,856
Aksaray,İC ANADOLU,Merkez,MEHMET HAYATİ,857
Aksaray,İC ANADOLU,Merkez,MEHMET BEDRİYE,858
Aksaray,İC ANADOLU,Merkez,MEHMET MÜGE,859
Aksaray,İC ANADOLU,Merkez,SALİH JALE,860
Karaman,İC ANADOLU,Ayrancı,SALİH ALİ,861
Karaman,İC ANADOLU,Ayrancı,SALİH MAHMUT,862
Karaman,İC ANADOLU,Ayrancı,SALİH MANSUR,863
Karaman,İC ANADOLU,Ayrancı,SALİH KÜRŞAD,864
Karaman,İC ANADOLU,Ayrancı,SALİH GAMZE,865
Karaman,İC ANADOLU,Başyayla,SALİH MİRAC,866
Karaman,İC ANADOLU,Başyayla,SALİH YÜCEL,867
Karaman,İC ANADOLU,Başyayla,SALİH KUBİLAY,868
Karaman,İC ANADOLU,Başyayla,SALİH HAYATİ,869
Karaman,İC ANADOLU,Başyayla,SALİH BEDRİYE,870
Karaman,İC ANADOLU,Ermenek,SALİH MÜGE,871
Karaman,İC ANADOLU,Ermenek,FERDA JALE,872
Karaman,İC ANADOLU,Ermenek,FERDA ALİ,873
Karaman,İC ANADOLU,Ermenek,FERDA MAHMUT,874
Karaman,İC ANADOLU,Ermenek,FERDA MANSUR,875
Karaman,İC ANADOLU,Kazımkarabekir,FERDA KÜRŞAD,876
Karaman,İC ANADOLU,Kazımkarabekir,FERDA GAMZE,877
Karaman,İC ANADOLU,Kazımkarabekir,FERDA MİRAC,878
Karaman,İC ANADOLU,Kazımkarabekir,FERDA YÜCEL,879
Karaman,İC ANADOLU,Kazımkarabekir,FERDA KUBİLAY,880
Karaman,İC ANADOLU,Merkez,FERDA HAYATİ,881
Karaman,İC ANADOLU,Merkez,FERDA BEDRİYE,882
Karaman,İC ANADOLU,Merkez,FERDA MÜGE,883
Karaman,İC ANADOLU,Merkez,DİLEK JALE,884
Karaman,İC ANADOLU,Merkez,DİLEK ALİ,885
Kırşehir,İC ANADOLU,Mucur,DİLEK MAHMUT,886
Kırşehir,İC ANADOLU,Mucur,DİLEK MANSUR,887
Kırşehir,İC ANADOLU,Mucur,DİLEK KÜRŞAD,888
Kırşehir,İC ANADOLU,Mucur,DİLEK GAMZE,889
Kırşehir,İC ANADOLU,Mucur,DİLEK MİRAC,890
Kırşehir,İC ANADOLU,Kaman,DİLEK YÜCEL,891
Kırşehir,İC ANADOLU,Kaman,DİLEK KUBİLAY,892
Kırşehir,İC ANADOLU,Kaman,DİLEK HAYATİ,893
Kırşehir,İC ANADOLU,Kaman,DİLEK BEDRİYE,894
Kırşehir,İC ANADOLU,Kaman,DİLEK MÜGE,895
Kırşehir,İC ANADOLU,Boztepe,AYHAN JALE,896
Kırşehir,İC ANADOLU,Boztepe,AYHAN ALİ,897
Kırşehir,İC ANADOLU,Boztepe,AYHAN MAHMUT,898
Kırşehir,İC ANADOLU,Boztepe,AYHAN MANSUR,899
Kırşehir,İC ANADOLU,Boztepe,AYHAN KÜRŞAD,900
Kırşehir,İC ANADOLU,CiCekdağı,AYHAN GAMZE,901
Kırşehir,İC ANADOLU,CiCekdağı,AYHAN MİRAC,902
Kırşehir,İC ANADOLU,CiCekdağı,AYHAN YÜCEL,903
Kırşehir,İC ANADOLU,CiCekdağı,AYHAN KUBİLAY,904
Kırşehir,İC ANADOLU,CiCekdağı,AYHAN HAYATİ,905
Kırşehir,İC ANADOLU,Kaman,AYHAN BEDRİYE,906
Kırşehir,İC ANADOLU,Kaman,AYHAN MÜGE,907
Kırşehir,İC ANADOLU,Kaman,HASAN JALE,908
Kırşehir,İC ANADOLU,Kaman,HASAN ALİ,909
Kırşehir,İC ANADOLU,Kaman,HASAN MAHMUT,910
Niğde,İC ANADOLU,Altunhisar,HASAN MANSUR,911
Niğde,İC ANADOLU,Altunhisar,HASAN KÜRŞAD,912
Niğde,İC ANADOLU,Altunhisar,HASAN GAMZE,913
Niğde,İC ANADOLU,Altunhisar,HASAN MİRAC,914
Niğde,İC ANADOLU,Altunhisar,HASAN YÜCEL,915
Niğde,İC ANADOLU,Bor,HASAN KUBİLAY,916
Niğde,İC ANADOLU,Bor,HASAN HAYATİ,917
Niğde,İC ANADOLU,Bor,HASAN BEDRİYE,918
Niğde,İC ANADOLU,Bor,HASAN MÜGE,919
Niğde,İC ANADOLU,Bor,ULAŞ JALE,920
Niğde,İC ANADOLU,Camardı,ULAŞ ALİ,921
Niğde,İC ANADOLU,Camardı,ULAŞ MAHMUT,922
Niğde,İC ANADOLU,Camardı,ULAŞ MANSUR,923
Niğde,İC ANADOLU,Camardı,ULAŞ KÜRŞAD,924
Niğde,İC ANADOLU,Camardı,ULAŞ GAMZE,925
Niğde,İC ANADOLU,Ciftlik,ULAŞ MİRAC,926
Niğde,İC ANADOLU,Ciftlik,ULAŞ YÜCEL,927
Niğde,İC ANADOLU,Ciftlik,ULAŞ KUBİLAY,928
Niğde,İC ANADOLU,Ciftlik,ULAŞ HAYATİ,929
Niğde,İC ANADOLU,Ciftlik,ULAŞ BEDRİYE,930
Niğde,İC ANADOLU,Ulukışla,ULAŞ MÜGE,931
Niğde,İC ANADOLU,Ulukışla,SUNA JALE,932
Niğde,İC ANADOLU,Ulukışla,SUNA ALİ,933
Niğde,İC ANADOLU,Ulukışla,SUNA MAHMUT,934
Niğde,İC ANADOLU,Ulukışla,SUNA MANSUR,935
Nevşehir,İC ANADOLU,Derinkuyu,SUNA KÜRŞAD,936
Nevşehir,İC ANADOLU,Derinkuyu,SUNA GAMZE,937
Nevşehir,İC ANADOLU,Derinkuyu,SUNA MİRAC,938
Nevşehir,İC ANADOLU,Derinkuyu,SUNA YÜCEL,939
Nevşehir,İC ANADOLU,Derinkuyu,SUNA KUBİLAY,940
Nevşehir,İC ANADOLU,Gülşehir,SUNA HAYATİ,941
Nevşehir,İC ANADOLU,Gülşehir,SUNA BEDRİYE,942
Nevşehir,İC ANADOLU,Gülşehir,SUNA MÜGE,943
Nevşehir,İC ANADOLU,Gülşehir,SELAMİ JALE,944
Nevşehir,İC ANADOLU,Gülşehir,SELAMİ ALİ,945
Nevşehir,İC ANADOLU,Hacıbektaş,SELAMİ MAHMUT,946
Nevşehir,İC ANADOLU,Hacıbektaş,SELAMİ MANSUR,947
Nevşehir,İC ANADOLU,Hacıbektaş,SELAMİ KÜRŞAD,948
Nevşehir,İC ANADOLU,Hacıbektaş,SELAMİ GAMZE,949
Nevşehir,İC ANADOLU,Hacıbektaş,SELAMİ MİRAC,950
Nevşehir,İC ANADOLU,Kozaklı,SELAMİ YÜCEL,951
Nevşehir,İC ANADOLU,Kozaklı,SELAMİ KUBİLAY,952
Nevşehir,İC ANADOLU,Kozaklı,SELAMİ HAYATİ,953
Nevşehir,İC ANADOLU,Kozaklı,SELAMİ BEDRİYE,954
Nevşehir,İC ANADOLU,Kozaklı,SELAMİ MÜGE,955
Nevşehir,İC ANADOLU,Ürgüp,SÜREYYA JALE,956
Nevşehir,İC ANADOLU,Ürgüp,SÜREYYA ALİ,957
Nevşehir,İC ANADOLU,Ürgüp,SÜREYYA MAHMUT,958
Nevşehir,İC ANADOLU,Ürgüp,SÜREYYA MANSUR,959
Nevşehir,İC ANADOLU,Ürgüp,SÜREYYA KÜRŞAD,960
Yozgat,İC ANADOLU,Sarıkaya,SÜREYYA GAMZE,961
Yozgat,İC ANADOLU,Sarıkaya,SÜREYYA MİRAC,962
Yozgat,İC ANADOLU,Sarıkaya,SÜREYYA YÜCEL,963
Yozgat,İC ANADOLU,Sarıkaya,SÜREYYA KUBİLAY,964
Yozgat,İC ANADOLU,Sarıkaya,SÜREYYA HAYATİ,965
Yozgat,İC ANADOLU,Sorgun,SÜREYYA BEDRİYE,966
Yozgat,İC ANADOLU,Sorgun,SÜREYYA MÜGE,967
Yozgat,İC ANADOLU,Sorgun,BURCU JALE,968
Yozgat,İC ANADOLU,Sorgun,BURCU ALİ,969
Yozgat,İC ANADOLU,Sorgun,BURCU MAHMUT,970
Yozgat,İC ANADOLU,Şefaatli,BURCU MANSUR,971
Yozgat,İC ANADOLU,Şefaatli,BURCU KÜRŞAD,972
Yozgat,İC ANADOLU,Şefaatli,BURCU GAMZE,973
Yozgat,İC ANADOLU,Şefaatli,BURCU MİRAC,974
Yozgat,İC ANADOLU,Şefaatli,BURCU YÜCEL,975
Yozgat,İC ANADOLU,Yenifakılı,BURCU KUBİLAY,976
Yozgat,İC ANADOLU,Yenifakılı,BURCU HAYATİ,977
Yozgat,İC ANADOLU,Yenifakılı,BURCU BEDRİYE,978
Yozgat,İC ANADOLU,Yenifakılı,BURCU MÜGE,979
Yozgat,İC ANADOLU,Yenifakılı,CEM JALE,980
Yozgat,İC ANADOLU,Yerköy,CEM ALİ,981
Yozgat,İC ANADOLU,Yerköy,CEM MAHMUT,982
Yozgat,İC ANADOLU,Yerköy,CEM MANSUR,983
Yozgat,İC ANADOLU,Yerköy,CEM KÜRŞAD,984
Yozgat,İC ANADOLU,Yerköy,CEM GAMZE,985
Cankırı,İC ANADOLU,Korgun,CEM MİRAC,986
Cankırı,İC ANADOLU,Korgun,CEM YÜCEL,987
Cankırı,İC ANADOLU,Korgun,CEM KUBİLAY,988
Cankırı,İC ANADOLU,Korgun,CEM HAYATİ,989
Cankırı,İC ANADOLU,Korgun,CEM BEDRİYE,990
Cankırı,İC ANADOLU,Kurşunlu,CEM MÜGE,991
Cankırı,İC ANADOLU,Kurşunlu,YAŞAR JALE,992
Cankırı,İC ANADOLU,Kurşunlu,YAŞAR ALİ,993
Cankırı,İC ANADOLU,Kurşunlu,YAŞAR MAHMUT,994
Cankırı,İC ANADOLU,Kurşunlu,YAŞAR MANSUR,995
Cankırı,İC ANADOLU,Orta,YAŞAR KÜRŞAD,996
Cankırı,İC ANADOLU,Orta,YAŞAR GAMZE,997
Cankırı,İC ANADOLU,Orta,YAŞAR MİRAC,998
Cankırı,İC ANADOLU,Orta,YAŞAR YÜCEL,999
Cankırı,İC ANADOLU,Orta,YAŞAR KUBİLAY,1000
Cankırı,İC ANADOLU,Şabanözü,YAŞAR HAYATİ,1001
Cankırı,İC ANADOLU,Şabanözü,YAŞAR BEDRİYE,1002
Cankırı,İC ANADOLU,Şabanözü,YAŞAR MÜGE,1003
Cankırı,İC ANADOLU,Şabanözü,CAĞDAŞ JALE,1004
Cankırı,İC ANADOLU,Şabanözü,CAĞDAŞ ALİ,1005
Cankırı,İC ANADOLU,Yapraklı,CAĞDAŞ MAHMUT,1006
Cankırı,İC ANADOLU,Yapraklı,CAĞDAŞ MANSUR,1007
Cankırı,İC ANADOLU,Yapraklı,CAĞDAŞ KÜRŞAD,1008
Cankırı,İC ANADOLU,Yapraklı,CAĞDAŞ GAMZE,1009
Cankırı,İC ANADOLU,Yapraklı,CAĞDAŞ MİRAC,1010
Gaziantep,GÜNEYDOĞU ANADOLU,Nurdağı,CAĞDAŞ YÜCEL,1011
Gaziantep,GÜNEYDOĞU ANADOLU,Nurdağı,CAĞDAŞ KUBİLAY,1012
Gaziantep,GÜNEYDOĞU ANADOLU,Nurdağı,CAĞDAŞ HAYATİ,1013
Gaziantep,GÜNEYDOĞU ANADOLU,Nurdağı,CAĞDAŞ BEDRİYE,1014
Gaziantep,GÜNEYDOĞU ANADOLU,Nurdağı,CAĞDAŞ MÜGE,1015
Gaziantep,GÜNEYDOĞU ANADOLU,Oğuzeli,DOĞAN JALE,1016
Gaziantep,GÜNEYDOĞU ANADOLU,Oğuzeli,DOĞAN ALİ,1017
Gaziantep,GÜNEYDOĞU ANADOLU,Oğuzeli,DOĞAN MAHMUT,1018
Gaziantep,GÜNEYDOĞU ANADOLU,Oğuzeli,DOĞAN MANSUR,1019
Gaziantep,GÜNEYDOĞU ANADOLU,Oğuzeli,DOĞAN KÜRŞAD,1020
Gaziantep,GÜNEYDOĞU ANADOLU,Şahinbey,DOĞAN GAMZE,1021
Gaziantep,GÜNEYDOĞU ANADOLU,Şahinbey,DOĞAN MİRAC,1022
Gaziantep,GÜNEYDOĞU ANADOLU,Şahinbey,DOĞAN YÜCEL,1023
Gaziantep,GÜNEYDOĞU ANADOLU,Şahinbey,DOĞAN KUBİLAY,1024
Gaziantep,GÜNEYDOĞU ANADOLU,Şahinbey,DOĞAN HAYATİ,1025
Gaziantep,GÜNEYDOĞU ANADOLU,Şehitkamil,DOĞAN BEDRİYE,1026
Gaziantep,GÜNEYDOĞU ANADOLU,Şehitkamil,DOĞAN MÜGE,1027
Gaziantep,GÜNEYDOĞU ANADOLU,Şehitkamil,AHMET JALE,1028
Gaziantep,GÜNEYDOĞU ANADOLU,Şehitkamil,AHMET ALİ,1029
Gaziantep,GÜNEYDOĞU ANADOLU,Şehitkamil,AHMET MAHMUT,1030
Gaziantep,GÜNEYDOĞU ANADOLU,Yavuzeli,AHMET MANSUR,1031
Gaziantep,GÜNEYDOĞU ANADOLU,Yavuzeli,AHMET KÜRŞAD,1032
Gaziantep,GÜNEYDOĞU ANADOLU,Yavuzeli,AHMET GAMZE,1033
Gaziantep,GÜNEYDOĞU ANADOLU,Yavuzeli,AHMET MİRAC,1034
Gaziantep,GÜNEYDOĞU ANADOLU,Yavuzeli,AHMET YÜCEL,1035
Diyarbakır,GÜNEYDOĞU ANADOLU,Kulp,AHMET KUBİLAY,1036
Diyarbakır,GÜNEYDOĞU ANADOLU,Kulp,AHMET HAYATİ,1037
Diyarbakır,GÜNEYDOĞU ANADOLU,Kulp,AHMET BEDRİYE,1038
Diyarbakır,GÜNEYDOĞU ANADOLU,Kulp,AHMET MÜGE,1039
Diyarbakır,GÜNEYDOĞU ANADOLU,Kulp,HATİCE JALE,1040
Diyarbakır,GÜNEYDOĞU ANADOLU,Lice,HATİCE ALİ,1041
Diyarbakır,GÜNEYDOĞU ANADOLU,Lice,HATİCE MAHMUT,1042
Diyarbakır,GÜNEYDOĞU ANADOLU,Lice,HATİCE MANSUR,1043
Diyarbakır,GÜNEYDOĞU ANADOLU,Lice,HATİCE KÜRŞAD,1044
Diyarbakır,GÜNEYDOĞU ANADOLU,Lice,HATİCE GAMZE,1045
Diyarbakır,GÜNEYDOĞU ANADOLU,Silvan,HATİCE MİRAC,1046
Diyarbakır,GÜNEYDOĞU ANADOLU,Silvan,HATİCE YÜCEL,1047
Diyarbakır,GÜNEYDOĞU ANADOLU,Silvan,HATİCE KUBİLAY,1048
Diyarbakır,GÜNEYDOĞU ANADOLU,Silvan,HATİCE HAYATİ,1049
Diyarbakır,GÜNEYDOĞU ANADOLU,Silvan,HATİCE BEDRİYE,1050
Diyarbakır,GÜNEYDOĞU ANADOLU,Sur,HATİCE MÜGE,1051
Diyarbakır,GÜNEYDOĞU ANADOLU,Sur,HAYRİ JALE,1052
Diyarbakır,GÜNEYDOĞU ANADOLU,Sur,HAYRİ ALİ,1053
Diyarbakır,GÜNEYDOĞU ANADOLU,Sur,HAYRİ MAHMUT,1054
Diyarbakır,GÜNEYDOĞU ANADOLU,Sur,HAYRİ MANSUR,1055
Diyarbakır,GÜNEYDOĞU ANADOLU,Yenişehir,HAYRİ KÜRŞAD,1056
Diyarbakır,GÜNEYDOĞU ANADOLU,Yenişehir,HAYRİ GAMZE,1057
Diyarbakır,GÜNEYDOĞU ANADOLU,Yenişehir,HAYRİ MİRAC,1058
Diyarbakır,GÜNEYDOĞU ANADOLU,Yenişehir,HAYRİ YÜCEL,1059
Diyarbakır,GÜNEYDOĞU ANADOLU,Yenişehir,HAYRİ KUBİLAY,1060
Şanlıurfa,GÜNEYDOĞU ANADOLU,Hilvan,HAYRİ HAYATİ,1061
Şanlıurfa,GÜNEYDOĞU ANADOLU,Hilvan,HAYRİ BEDRİYE,1062
Şanlıurfa,GÜNEYDOĞU ANADOLU,Hilvan,HAYRİ MÜGE,1063
Şanlıurfa,GÜNEYDOĞU ANADOLU,Hilvan,GÜHER JALE,1064
Şanlıurfa,GÜNEYDOĞU ANADOLU,Hilvan,GÜHER ALİ,1065
Şanlıurfa,GÜNEYDOĞU ANADOLU,Karaköprü,GÜHER MAHMUT,1066
Şanlıurfa,GÜNEYDOĞU ANADOLU,Karaköprü,GÜHER MANSUR,1067
Şanlıurfa,GÜNEYDOĞU ANADOLU,Karaköprü,GÜHER KÜRŞAD,1068
Şanlıurfa,GÜNEYDOĞU ANADOLU,Karaköprü,GÜHER GAMZE,1069
Şanlıurfa,GÜNEYDOĞU ANADOLU,Karaköprü,GÜHER MİRAC,1070
Şanlıurfa,GÜNEYDOĞU ANADOLU,Siverek,GÜHER YÜCEL,1071
Şanlıurfa,GÜNEYDOĞU ANADOLU,Siverek,GÜHER KUBİLAY,1072
Şanlıurfa,GÜNEYDOĞU ANADOLU,Siverek,GÜHER HAYATİ,1073
Şanlıurfa,GÜNEYDOĞU ANADOLU,Siverek,GÜHER BEDRİYE,1074
Şanlıurfa,GÜNEYDOĞU ANADOLU,Siverek,GÜHER MÜGE,1075
Şanlıurfa,GÜNEYDOĞU ANADOLU,SuruC,SUNA JALE,1076
Şanlıurfa,GÜNEYDOĞU ANADOLU,SuruC,SUNA ALİ,1077
Şanlıurfa,GÜNEYDOĞU ANADOLU,SuruC,SUNA MAHMUT,1078
Şanlıurfa,GÜNEYDOĞU ANADOLU,SuruC,SUNA MANSUR,1079
Şanlıurfa,GÜNEYDOĞU ANADOLU,SuruC,SUNA KÜRŞAD,1080
Şanlıurfa,GÜNEYDOĞU ANADOLU,Viranşehir,SUNA GAMZE,1081
Şanlıurfa,GÜNEYDOĞU ANADOLU,Viranşehir,SUNA MİRAC,1082
Şanlıurfa,GÜNEYDOĞU ANADOLU,Viranşehir,SUNA YÜCEL,1083
Şanlıurfa,GÜNEYDOĞU ANADOLU,Viranşehir,SUNA KUBİLAY,1084
Şanlıurfa,GÜNEYDOĞU ANADOLU,Viranşehir,SUNA HAYATİ,1085
Batman,GÜNEYDOĞU ANADOLU,Beşiri,SUNA BEDRİYE,1086
Batman,GÜNEYDOĞU ANADOLU,Beşiri,SUNA MÜGE,1087
Batman,GÜNEYDOĞU ANADOLU,Beşiri,ARZU JALE,1088
Batman,GÜNEYDOĞU ANADOLU,Beşiri,ARZU ALİ,1089
Batman,GÜNEYDOĞU ANADOLU,Beşiri,ARZU MAHMUT,1090
Batman,GÜNEYDOĞU ANADOLU,Gercüş,ARZU MANSUR,1091
Batman,GÜNEYDOĞU ANADOLU,Gercüş,ARZU KÜRŞAD,1092
Batman,GÜNEYDOĞU ANADOLU,Gercüş,ARZU GAMZE,1093
Batman,GÜNEYDOĞU ANADOLU,Gercüş,ARZU MİRAC,1094
Batman,GÜNEYDOĞU ANADOLU,Gercüş,ARZU YÜCEL,1095
Batman,GÜNEYDOĞU ANADOLU,Hasankeyf,ARZU KUBİLAY,1096
Batman,GÜNEYDOĞU ANADOLU,Hasankeyf,ARZU HAYATİ,1097
Batman,GÜNEYDOĞU ANADOLU,Hasankeyf,ARZU BEDRİYE,1098
Batman,GÜNEYDOĞU ANADOLU,Hasankeyf,ARZU MÜGE,1099
Batman,GÜNEYDOĞU ANADOLU,Hasankeyf,AHMET JALE,1100
Batman,GÜNEYDOĞU ANADOLU,Kozluk,AHMET ALİ,1101
Batman,GÜNEYDOĞU ANADOLU,Kozluk,AHMET MAHMUT,1102
Batman,GÜNEYDOĞU ANADOLU,Kozluk,AHMET MANSUR,1103
Batman,GÜNEYDOĞU ANADOLU,Kozluk,AHMET KÜRŞAD,1104
Batman,GÜNEYDOĞU ANADOLU,Kozluk,AHMET GAMZE,1105
Batman,GÜNEYDOĞU ANADOLU,Sason,AHMET MİRAC,1106
Batman,GÜNEYDOĞU ANADOLU,Sason,AHMET YÜCEL,1107
Batman,GÜNEYDOĞU ANADOLU,Sason,AHMET KUBİLAY,1108
Batman,GÜNEYDOĞU ANADOLU,Sason,AHMET HAYATİ,1109
Batman,GÜNEYDOĞU ANADOLU,Sason,AHMET BEDRİYE,1110
Adıyaman,GÜNEYDOĞU ANADOLU,Gölbaşı,AHMET MÜGE,1111
Adıyaman,GÜNEYDOĞU ANADOLU,Gölbaşı,AHMET JALE,1112
Adıyaman,GÜNEYDOĞU ANADOLU,Gölbaşı,AHMET ALİ,1113
Adıyaman,GÜNEYDOĞU ANADOLU,Gölbaşı,AHMET MAHMUT,1114
Adıyaman,GÜNEYDOĞU ANADOLU,Gölbaşı,AHMET MANSUR,1115
Adıyaman,GÜNEYDOĞU ANADOLU,Kahta,AHMET KÜRŞAD,1116
Adıyaman,GÜNEYDOĞU ANADOLU,Kahta,AHMET GAMZE,1117
Adıyaman,GÜNEYDOĞU ANADOLU,Kahta,AHMET MİRAC,1118
Adıyaman,GÜNEYDOĞU ANADOLU,Kahta,AHMET YÜCEL,1119
Adıyaman,GÜNEYDOĞU ANADOLU,Kahta,AHMET KUBİLAY,1120
Adıyaman,GÜNEYDOĞU ANADOLU,Samsat,AHMET HAYATİ,1121
Adıyaman,GÜNEYDOĞU ANADOLU,Samsat,AHMET BEDRİYE,1122
Adıyaman,GÜNEYDOĞU ANADOLU,Samsat,AHMET MÜGE,1123
Adıyaman,GÜNEYDOĞU ANADOLU,Samsat,SEMİH JALE,1124
Adıyaman,GÜNEYDOĞU ANADOLU,Samsat,SEMİH ALİ,1125
Adıyaman,GÜNEYDOĞU ANADOLU,Sincik,SEMİH MAHMUT,1126
Adıyaman,GÜNEYDOĞU ANADOLU,Sincik,SEMİH MANSUR,1127
Adıyaman,GÜNEYDOĞU ANADOLU,Sincik,SEMİH KÜRŞAD,1128
Adıyaman,GÜNEYDOĞU ANADOLU,Sincik,SEMİH GAMZE,1129
Adıyaman,GÜNEYDOĞU ANADOLU,Sincik,SEMİH MİRAC,1130
Adıyaman,GÜNEYDOĞU ANADOLU,Tut,SEMİH YÜCEL,1131
Adıyaman,GÜNEYDOĞU ANADOLU,Tut,SEMİH KUBİLAY,1132
Adıyaman,GÜNEYDOĞU ANADOLU,Tut,SEMİH HAYATİ,1133
Adıyaman,GÜNEYDOĞU ANADOLU,Tut,SEMİH BEDRİYE,1134
Adıyaman,GÜNEYDOĞU ANADOLU,Tut,SEMİH MÜGE,1135
Siirt,GÜNEYDOĞU ANADOLU,Baykan,YUSUF JALE,1136
Siirt,GÜNEYDOĞU ANADOLU,Baykan,YUSUF ALİ,1137
Siirt,GÜNEYDOĞU ANADOLU,Baykan,YUSUF MAHMUT,1138
Siirt,GÜNEYDOĞU ANADOLU,Baykan,YUSUF MANSUR,1139
Siirt,GÜNEYDOĞU ANADOLU,Baykan,YUSUF KÜRŞAD,1140
Siirt,GÜNEYDOĞU ANADOLU,Eruh,YUSUF GAMZE,1141
Siirt,GÜNEYDOĞU ANADOLU,Eruh,YUSUF MİRAC,1142
Siirt,GÜNEYDOĞU ANADOLU,Eruh,YUSUF YÜCEL,1143
Siirt,GÜNEYDOĞU ANADOLU,Eruh,YUSUF KUBİLAY,1144
Siirt,GÜNEYDOĞU ANADOLU,Eruh,YUSUF HAYATİ,1145
Siirt,GÜNEYDOĞU ANADOLU,Pervari,YUSUF BEDRİYE,1146
Siirt,GÜNEYDOĞU ANADOLU,Pervari,YUSUF MÜGE,1147
Siirt,GÜNEYDOĞU ANADOLU,Pervari,ALİ JALE,1148
Siirt,GÜNEYDOĞU ANADOLU,Pervari,ALİ ALİ,1149
Siirt,GÜNEYDOĞU ANADOLU,Pervari,ALİ MAHMUT,1150
Siirt,GÜNEYDOĞU ANADOLU,Şirvan,ALİ MANSUR,1151
Siirt,GÜNEYDOĞU ANADOLU,Şirvan,ALİ KÜRŞAD,1152
Siirt,GÜNEYDOĞU ANADOLU,Şirvan,ALİ GAMZE,1153
Siirt,GÜNEYDOĞU ANADOLU,Şirvan,ALİ MİRAC,1154
Siirt,GÜNEYDOĞU ANADOLU,Şirvan,ALİ YÜCEL,1155
Siirt,GÜNEYDOĞU ANADOLU,Tillo,ALİ KUBİLAY,1156
Siirt,GÜNEYDOĞU ANADOLU,Tillo,ALİ HAYATİ,1157
Siirt,GÜNEYDOĞU ANADOLU,Tillo,ALİ BEDRİYE,1158
Siirt,GÜNEYDOĞU ANADOLU,Tillo,ALİ MÜGE,1159
Siirt,GÜNEYDOĞU ANADOLU,Tillo,ELİF JALE,1160
Mardin,GÜNEYDOĞU ANADOLU,Midyat,ELİF ALİ,1161
Mardin,GÜNEYDOĞU ANADOLU,Midyat,ELİF MAHMUT,1162
Mardin,GÜNEYDOĞU ANADOLU,Midyat,ELİF MANSUR,1163
Mardin,GÜNEYDOĞU ANADOLU,Midyat,ELİF KÜRŞAD,1164
Mardin,GÜNEYDOĞU ANADOLU,Midyat,ELİF GAMZE,1165
Mardin,GÜNEYDOĞU ANADOLU,Nusaybin,ELİF MİRAC,1166
Mardin,GÜNEYDOĞU ANADOLU,Nusaybin,ELİF YÜCEL,1167
Mardin,GÜNEYDOĞU ANADOLU,Nusaybin,ELİF KUBİLAY,1168
Mardin,GÜNEYDOĞU ANADOLU,Nusaybin,ELİF HAYATİ,1169
Mardin,GÜNEYDOĞU ANADOLU,Nusaybin,ELİF BEDRİYE,1170
Mardin,GÜNEYDOĞU ANADOLU,Ömerli,ELİF MÜGE,1171
Mardin,GÜNEYDOĞU ANADOLU,Ömerli,CİLER JALE,1172
Mardin,GÜNEYDOĞU ANADOLU,Ömerli,CİLER ALİ,1173
Mardin,GÜNEYDOĞU ANADOLU,Ömerli,CİLER MAHMUT,1174
Mardin,GÜNEYDOĞU ANADOLU,Ömerli,CİLER MANSUR,1175
Mardin,GÜNEYDOĞU ANADOLU,Savur,CİLER KÜRŞAD,1176
Mardin,GÜNEYDOĞU ANADOLU,Savur,CİLER GAMZE,1177
Mardin,GÜNEYDOĞU ANADOLU,Savur,CİLER MİRAC,1178
Mardin,GÜNEYDOĞU ANADOLU,Savur,CİLER YÜCEL,1179
Mardin,GÜNEYDOĞU ANADOLU,Savur,CİLER KUBİLAY,1180
Mardin,GÜNEYDOĞU ANADOLU,Yeşilli,CİLER HAYATİ,1181
Mardin,GÜNEYDOĞU ANADOLU,Yeşilli,CİLER BEDRİYE,1182
Mardin,GÜNEYDOĞU ANADOLU,Yeşilli,CİLER MÜGE,1183
Mardin,GÜNEYDOĞU ANADOLU,Yeşilli,ELİF JALE,1184
Mardin,GÜNEYDOĞU ANADOLU,Yeşilli,ELİF ALİ,1185
Kilis,GÜNEYDOĞU ANADOLU,Elbeyli,ELİF MAHMUT,1186
Kilis,GÜNEYDOĞU ANADOLU,Elbeyli,ELİF MANSUR,1187
Kilis,GÜNEYDOĞU ANADOLU,Elbeyli,ELİF KÜRŞAD,1188
Kilis,GÜNEYDOĞU ANADOLU,Elbeyli,ELİF GAMZE,1189
Kilis,GÜNEYDOĞU ANADOLU,Elbeyli,ELİF MİRAC,1190
Kilis,GÜNEYDOĞU ANADOLU,Merkez,ELİF YÜCEL,1191
Kilis,GÜNEYDOĞU ANADOLU,Merkez,ELİF KUBİLAY,1192
Kilis,GÜNEYDOĞU ANADOLU,Merkez,ELİF HAYATİ,1193
Kilis,GÜNEYDOĞU ANADOLU,Merkez,ELİF BEDRİYE,1194
Kilis,GÜNEYDOĞU ANADOLU,Merkez,ELİF MÜGE,1195
Kilis,GÜNEYDOĞU ANADOLU,Musabeyli,YETKİN JALE,1196
Kilis,GÜNEYDOĞU ANADOLU,Musabeyli,YETKİN ALİ,1197
Kilis,GÜNEYDOĞU ANADOLU,Musabeyli,YETKİN MAHMUT,1198
Kilis,GÜNEYDOĞU ANADOLU,Musabeyli,YETKİN MANSUR,1199
Kilis,GÜNEYDOĞU ANADOLU,Musabeyli,YETKİN KÜRŞAD,1200
Kilis,GÜNEYDOĞU ANADOLU,Polateli,YETKİN GAMZE,1201
Kilis,GÜNEYDOĞU ANADOLU,Polateli,YETKİN MİRAC,1202
Kilis,GÜNEYDOĞU ANADOLU,Polateli,YETKİN YÜCEL,1203
Kilis,GÜNEYDOĞU ANADOLU,Polateli,YETKİN KUBİLAY,1204
Kilis,GÜNEYDOĞU ANADOLU,Polateli,YETKİN HAYATİ,1205
Şırnak,GÜNEYDOĞU ANADOLU,Cizre,YETKİN BEDRİYE,1206
Şırnak,GÜNEYDOĞU ANADOLU,Cizre,YETKİN MÜGE,1207
Şırnak,GÜNEYDOĞU ANADOLU,Cizre,BURAK JALE,1208
Şırnak,GÜNEYDOĞU ANADOLU,Cizre,BURAK ALİ,1209
Şırnak,GÜNEYDOĞU ANADOLU,Cizre,BURAK MAHMUT,1210
Şırnak,GÜNEYDOĞU ANADOLU,GüClükonak,BURAK MANSUR,1211
Şırnak,GÜNEYDOĞU ANADOLU,GüClükonak,BURAK KÜRŞAD,1212
Şırnak,GÜNEYDOĞU ANADOLU,GüClükonak,BURAK GAMZE,1213
Şırnak,GÜNEYDOĞU ANADOLU,GüClükonak,BURAK MİRAC,1214
Şırnak,GÜNEYDOĞU ANADOLU,GüClükonak,BURAK YÜCEL,1215
Şırnak,GÜNEYDOĞU ANADOLU,İdil,BURAK KUBİLAY,1216
Şırnak,GÜNEYDOĞU ANADOLU,İdil,BURAK HAYATİ,1217
Şırnak,GÜNEYDOĞU ANADOLU,İdil,BURAK BEDRİYE,1218
Şırnak,GÜNEYDOĞU ANADOLU,İdil,BURAK MÜGE,1219
Şırnak,GÜNEYDOĞU ANADOLU,İdil,VEYSEL JALE,1220
Şırnak,GÜNEYDOĞU ANADOLU,Silopi,VEYSEL ALİ,1221
Şırnak,GÜNEYDOĞU ANADOLU,Silopi,VEYSEL MAHMUT,1222
Şırnak,GÜNEYDOĞU ANADOLU,Silopi,VEYSEL MANSUR,1223
Şırnak,GÜNEYDOĞU ANADOLU,Silopi,VEYSEL KÜRŞAD,1224
Şırnak,GÜNEYDOĞU ANADOLU,Silopi,VEYSEL GAMZE,1225
Şırnak,GÜNEYDOĞU ANADOLU,Uludere,VEYSEL MİRAC,1226
Şırnak,GÜNEYDOĞU ANADOLU,Uludere,VEYSEL YÜCEL,1227
Şırnak,GÜNEYDOĞU ANADOLU,Uludere,VEYSEL KUBİLAY,1228
Şırnak,GÜNEYDOĞU ANADOLU,Uludere,VEYSEL HAYATİ,1229
Şırnak,GÜNEYDOĞU ANADOLU,Uludere,VEYSEL BEDRİYE,1230
İzmir,EGE,Seferihisar,VEYSEL MÜGE,1231
İzmir,EGE,Seferihisar,BURCU JALE,1232
İzmir,EGE,Seferihisar,BURCU ALİ,1233
İzmir,EGE,Seferihisar,BURCU MAHMUT,1234
İzmir,EGE,Seferihisar,BURCU MANSUR,1235
İzmir,EGE,SelCuk,BURCU KÜRŞAD,1236
İzmir,EGE,SelCuk,BURCU GAMZE,1237
İzmir,EGE,SelCuk,BURCU MİRAC,1238
İzmir,EGE,SelCuk,BURCU YÜCEL,1239
İzmir,EGE,SelCuk,BURCU KUBİLAY,1240
İzmir,EGE,Tire,BURCU HAYATİ,1241
İzmir,EGE,Tire,BURCU BEDRİYE,1242
İzmir,EGE,Tire,BURCU MÜGE,1243
İzmir,EGE,Tire,REFAETTİN JALE,1244
İzmir,EGE,Tire,REFAETTİN ALİ,1245
İzmir,EGE,Torbalı,REFAETTİN MAHMUT,1246
İzmir,EGE,Torbalı,REFAETTİN MANSUR,1247
İzmir,EGE,Torbalı,REFAETTİN KÜRŞAD,1248
İzmir,EGE,Torbalı,REFAETTİN GAMZE,1249
İzmir,EGE,Torbalı,REFAETTİN MİRAC,1250
İzmir,EGE,Urla,REFAETTİN YÜCEL,1251
İzmir,EGE,Urla,REFAETTİN KUBİLAY,1252
İzmir,EGE,Urla,REFAETTİN HAYATİ,1253
İzmir,EGE,Urla,REFAETTİN BEDRİYE,1254
İzmir,EGE,Urla,REFAETTİN MÜGE,1255
Manisa,EGE,Sarıgöl,AYŞE JALE,1256
Manisa,EGE,Sarıgöl,AYŞE ALİ,1257
Manisa,EGE,Sarıgöl,AYŞE MAHMUT,1258
Manisa,EGE,Sarıgöl,AYŞE MANSUR,1259
Manisa,EGE,Sarıgöl,AYŞE KÜRŞAD,1260
Manisa,EGE,Saruhanlı,AYŞE GAMZE,1261
Manisa,EGE,Saruhanlı,AYŞE MİRAC,1262
Manisa,EGE,Saruhanlı,AYŞE YÜCEL,1263
Manisa,EGE,Saruhanlı,AYŞE KUBİLAY,1264
Manisa,EGE,Saruhanlı,AYŞE HAYATİ,1265
Manisa,EGE,Selendi,AYŞE BEDRİYE,1266
Manisa,EGE,Selendi,AYŞE MÜGE,1267
Manisa,EGE,Selendi,GÜL JALE,1268
Manisa,EGE,Selendi,GÜL ALİ,1269
Manisa,EGE,Selendi,GÜL MAHMUT,1270
Manisa,EGE,Soma,GÜL MANSUR,1271
Manisa,EGE,Soma,GÜL KÜRŞAD,1272
Manisa,EGE,Soma,GÜL GAMZE,1273
Manisa,EGE,Soma,GÜL MİRAC,1274
Manisa,EGE,Soma,GÜL YÜCEL,1275
Manisa,EGE,Turgutlu,GÜL KUBİLAY,1276
Manisa,EGE,Turgutlu,GÜL HAYATİ,1277
Manisa,EGE,Turgutlu,GÜL BEDRİYE,1278
Manisa,EGE,Turgutlu,GÜL MÜGE,1279
Manisa,EGE,Turgutlu,HÜSEYİN JALE,1280
Aydın,EGE,Kuyucak,HÜSEYİN ALİ,1281
Aydın,EGE,Kuyucak,HÜSEYİN MAHMUT,1282
Aydın,EGE,Kuyucak,HÜSEYİN MANSUR,1283
Aydın,EGE,Kuyucak,HÜSEYİN KÜRŞAD,1284
Aydın,EGE,Kuyucak,HÜSEYİN GAMZE,1285
Aydın,EGE,Nazilli,HÜSEYİN MİRAC,1286
Aydın,EGE,Nazilli,HÜSEYİN YÜCEL,1287
Aydın,EGE,Nazilli,HÜSEYİN KUBİLAY,1288
Aydın,EGE,Nazilli,HÜSEYİN HAYATİ,1289
Aydın,EGE,Nazilli,HÜSEYİN BEDRİYE,1290
Aydın,EGE,Söke,HÜSEYİN MÜGE,1291
Aydın,EGE,Söke,KUNTER JALE,1292
Aydın,EGE,Söke,KUNTER ALİ,1293
Aydın,EGE,Söke,KUNTER MAHMUT,1294
Aydın,EGE,Söke,KUNTER MANSUR,1295
Aydın,EGE,Sultanhisar,KUNTER KÜRŞAD,1296
Aydın,EGE,Sultanhisar,KUNTER GAMZE,1297
Aydın,EGE,Sultanhisar,KUNTER MİRAC,1298
Aydın,EGE,Sultanhisar,KUNTER YÜCEL,1299
Aydın,EGE,Sultanhisar,KUNTER KUBİLAY,1300
Aydın,EGE,Yenipazar,KUNTER HAYATİ,1301
Aydın,EGE,Yenipazar,KUNTER BEDRİYE,1302
Aydın,EGE,Yenipazar,KUNTER MÜGE,1303
Aydın,EGE,Yenipazar,EMİNE JALE,1304
Aydın,EGE,Yenipazar,EMİNE ALİ,1305
Denizli,EGE,Kale,EMİNE MAHMUT,1306
Denizli,EGE,Kale,EMİNE MANSUR,1307
Denizli,EGE,Kale,EMİNE KÜRŞAD,1308
Denizli,EGE,Kale,EMİNE GAMZE,1309
Denizli,EGE,Kale,EMİNE MİRAC,1310
Denizli,EGE,Pamukkale,EMİNE YÜCEL,1311
Denizli,EGE,Pamukkale,EMİNE KUBİLAY,1312
Denizli,EGE,Pamukkale,EMİNE HAYATİ,1313
Denizli,EGE,Pamukkale,EMİNE BEDRİYE,1314
Denizli,EGE,Pamukkale,EMİNE MÜGE,1315
Denizli,EGE,Sarayköy,EBRU JALE,1316
Denizli,EGE,Sarayköy,EBRU ALİ,1317
Denizli,EGE,Sarayköy,EBRU MAHMUT,1318
Denizli,EGE,Sarayköy,EBRU MANSUR,1319
Denizli,EGE,Sarayköy,EBRU KÜRŞAD,1320
Denizli,EGE,Serinhisar,EBRU GAMZE,1321
Denizli,EGE,Serinhisar,EBRU MİRAC,1322
Denizli,EGE,Serinhisar,EBRU YÜCEL,1323
Denizli,EGE,Serinhisar,EBRU KUBİLAY,1324
Denizli,EGE,Serinhisar,EBRU HAYATİ,1325
Denizli,EGE,Tavas,EBRU BEDRİYE,1326
Denizli,EGE,Tavas,EBRU MÜGE,1327
Denizli,EGE,Tavas,ESRA JALE,1328
Denizli,EGE,Tavas,ESRA ALİ,1329
Denizli,EGE,Tavas,ESRA MAHMUT,1330
Muğla,EGE,Milas,ESRA MANSUR,1331
Muğla,EGE,Milas,ESRA KÜRŞAD,1332
Muğla,EGE,Milas,ESRA GAMZE,1333
Muğla,EGE,Milas,ESRA MİRAC,1334
Muğla,EGE,Milas,ESRA YÜCEL,1335
Muğla,EGE,Ortaca,ESRA KUBİLAY,1336
Muğla,EGE,Ortaca,ESRA HAYATİ,1337
Muğla,EGE,Ortaca,ESRA BEDRİYE,1338
Muğla,EGE,Ortaca,ESRA MÜGE,1339
Muğla,EGE,Ortaca,NUR JALE,1340
Muğla,EGE,Seydikemer,NUR ALİ,1341
Muğla,EGE,Seydikemer,NUR MAHMUT,1342
Muğla,EGE,Seydikemer,NUR MANSUR,1343
Muğla,EGE,Seydikemer,NUR KÜRŞAD,1344
Muğla,EGE,Seydikemer,NUR GAMZE,1345
Muğla,EGE,Ula,NUR MİRAC,1346
Muğla,EGE,Ula,NUR YÜCEL,1347
Muğla,EGE,Ula,NUR KUBİLAY,1348
Muğla,EGE,Ula,NUR HAYATİ,1349
Muğla,EGE,Ula,NUR BEDRİYE,1350
Muğla,EGE,Yatağan,NUR MÜGE,1351
Muğla,EGE,Yatağan,SAMİ JALE,1352
Muğla,EGE,Yatağan,SAMİ ALİ,1353
Muğla,EGE,Yatağan,SAMİ MAHMUT,1354
Muğla,EGE,Yatağan,SAMİ MANSUR,1355
Afyonkarahisar,EGE,Kızılören,SAMİ KÜRŞAD,1356
Afyonkarahisar,EGE,Kızılören,SAMİ GAMZE,1357
Afyonkarahisar,EGE,Kızılören,SAMİ MİRAC,1358
Afyonkarahisar,EGE,Kızılören,SAMİ YÜCEL,1359
Afyonkarahisar,EGE,Kızılören,SAMİ KUBİLAY,1360
Afyonkarahisar,EGE,Sandıklı,SAMİ HAYATİ,1361
Afyonkarahisar,EGE,Sandıklı,SAMİ BEDRİYE,1362
Afyonkarahisar,EGE,Sandıklı,SAMİ MÜGE,1363
Afyonkarahisar,EGE,Sandıklı,MUSTAFA JALE,1364
Afyonkarahisar,EGE,Sandıklı,MUSTAFA ALİ,1365
Afyonkarahisar,EGE,Sinanpaşa,MUSTAFA MAHMUT,1366
Afyonkarahisar,EGE,Sinanpaşa,MUSTAFA MANSUR,1367
Afyonkarahisar,EGE,Sinanpaşa,MUSTAFA KÜRŞAD,1368
Afyonkarahisar,EGE,Sinanpaşa,MUSTAFA GAMZE,1369
Afyonkarahisar,EGE,Sinanpaşa,MUSTAFA MİRAC,1370
Afyonkarahisar,EGE,Sultandağı,MUSTAFA YÜCEL,1371
Afyonkarahisar,EGE,Sultandağı,MUSTAFA KUBİLAY,1372
Afyonkarahisar,EGE,Sultandağı,MUSTAFA HAYATİ,1373
Afyonkarahisar,EGE,Sultandağı,MUSTAFA BEDRİYE,1374
Afyonkarahisar,EGE,Sultandağı,MUSTAFA MÜGE,1375
Afyonkarahisar,EGE,Şuhut,GÜRHAN JALE,1376
Afyonkarahisar,EGE,Şuhut,GÜRHAN ALİ,1377
Afyonkarahisar,EGE,Şuhut,GÜRHAN MAHMUT,1378
Afyonkarahisar,EGE,Şuhut,GÜRHAN MANSUR,1379
Afyonkarahisar,EGE,Şuhut,GÜRHAN KÜRŞAD,1380
Kütahya,EGE,Hisarcık,GÜRHAN GAMZE,1381
Kütahya,EGE,Hisarcık,GÜRHAN MİRAC,1382
Kütahya,EGE,Hisarcık,GÜRHAN YÜCEL,1383
Kütahya,EGE,Hisarcık,GÜRHAN KUBİLAY,1384
Kütahya,EGE,Hisarcık,GÜRHAN HAYATİ,1385
Kütahya,EGE,Pazarlar,GÜRHAN BEDRİYE,1386
Kütahya,EGE,Pazarlar,GÜRHAN MÜGE,1387
Kütahya,EGE,Pazarlar,ORHAN JALE,1388
Kütahya,EGE,Pazarlar,ORHAN ALİ,1389
Kütahya,EGE,Pazarlar,ORHAN MAHMUT,1390
Kütahya,EGE,Simav,ORHAN MANSUR,1391
Kütahya,EGE,Simav,ORHAN KÜRŞAD,1392
Kütahya,EGE,Simav,ORHAN GAMZE,1393
Kütahya,EGE,Simav,ORHAN MİRAC,1394
Kütahya,EGE,Simav,ORHAN YÜCEL,1395
Kütahya,EGE,Şaphane,ORHAN KUBİLAY,1396
Kütahya,EGE,Şaphane,ORHAN HAYATİ,1397
Kütahya,EGE,Şaphane,ORHAN BEDRİYE,1398
Kütahya,EGE,Şaphane,ORHAN MÜGE,1399
Kütahya,EGE,Şaphane,HACCE JALE,1400
Kütahya,EGE,Tavşanlı,HACCE ALİ,1401
Kütahya,EGE,Tavşanlı,HACCE MAHMUT,1402
Kütahya,EGE,Tavşanlı,HACCE MANSUR,1403
Kütahya,EGE,Tavşanlı,HACCE KÜRŞAD,1404
Kütahya,EGE,Tavşanlı,HACCE GAMZE,1405
Uşak,EGE,Banaz,HACCE MİRAC,1406
Uşak,EGE,Banaz,HACCE YÜCEL,1407
Uşak,EGE,Banaz,HACCE KUBİLAY,1408
Uşak,EGE,Banaz,HACCE HAYATİ,1409
Uşak,EGE,Banaz,HACCE BEDRİYE,1410
Uşak,EGE,Eşme,HACCE MÜGE,1411
Uşak,EGE,Eşme,MEHMET JALE,1412
Uşak,EGE,Eşme,MEHMET ALİ,1413
Uşak,EGE,Eşme,MEHMET MAHMUT,1414
Uşak,EGE,Eşme,MEHMET MANSUR,1415
Uşak,EGE,Karahallı,MEHMET KÜRŞAD,1416
Uşak,EGE,Karahallı,MEHMET GAMZE,1417
Uşak,EGE,Karahallı,MEHMET MİRAC,1418
Uşak,EGE,Karahallı,MEHMET YÜCEL,1419
Uşak,EGE,Karahallı,MEHMET KUBİLAY,1420
Uşak,EGE,Sivaslı,MEHMET HAYATİ,1421
Uşak,EGE,Sivaslı,MEHMET BEDRİYE,1422
Uşak,EGE,Sivaslı,MEHMET MÜGE,1423
Uşak,EGE,Sivaslı,MURAT JALE,1424
Uşak,EGE,Sivaslı,MURAT ALİ,1425
Uşak,EGE,Ulubey,MURAT MAHMUT,1426
Uşak,EGE,Ulubey,MURAT MANSUR,1427
Uşak,EGE,Ulubey,MURAT KÜRŞAD,1428
Uşak,EGE,Ulubey,MURAT GAMZE,1429
Uşak,EGE,Ulubey,MURAT MİRAC,1430
Ağrı,DOĞU ANADOLU,Diyadin,MURAT YÜCEL,1431
Ağrı,DOĞU ANADOLU,Diyadin,MURAT KUBİLAY,1432
Ağrı,DOĞU ANADOLU,Diyadin,MURAT HAYATİ,1433
Ağrı,DOĞU ANADOLU,Diyadin,MURAT BEDRİYE,1434
Ağrı,DOĞU ANADOLU,Diyadin,MURAT MÜGE,1435
Ağrı,DOĞU ANADOLU,Merkez,NAZAN JALE,1436
Ağrı,DOĞU ANADOLU,Merkez,NAZAN ALİ,1437
Ağrı,DOĞU ANADOLU,Merkez,NAZAN MAHMUT,1438
Ağrı,DOĞU ANADOLU,Merkez,NAZAN MANSUR,1439
Ağrı,DOĞU ANADOLU,Merkez,NAZAN KÜRŞAD,1440
Ağrı,DOĞU ANADOLU,Patnos,NAZAN GAMZE,1441
Ağrı,DOĞU ANADOLU,Patnos,NAZAN MİRAC,1442
Ağrı,DOĞU ANADOLU,Patnos,NAZAN YÜCEL,1443
Ağrı,DOĞU ANADOLU,Patnos,NAZAN KUBİLAY,1444
Ağrı,DOĞU ANADOLU,Patnos,NAZAN HAYATİ,1445
Ağrı,DOĞU ANADOLU,TaşlıCay,NAZAN BEDRİYE,1446
Ağrı,DOĞU ANADOLU,TaşlıCay,NAZAN MÜGE,1447
Ağrı,DOĞU ANADOLU,TaşlıCay,TUĞBA JALE,1448
Ağrı,DOĞU ANADOLU,TaşlıCay,TUĞBA ALİ,1449
Ağrı,DOĞU ANADOLU,TaşlıCay,TUĞBA MAHMUT,1450
Ağrı,DOĞU ANADOLU,Tutak,TUĞBA MANSUR,1451
Ağrı,DOĞU ANADOLU,Tutak,TUĞBA KÜRŞAD,1452
Ağrı,DOĞU ANADOLU,Tutak,TUĞBA GAMZE,1453
Ağrı,DOĞU ANADOLU,Tutak,TUĞBA MİRAC,1454
Ağrı,DOĞU ANADOLU,Tutak,TUĞBA YÜCEL,1455
Ardahan,DOĞU ANADOLU,Cıldır,TUĞBA KUBİLAY,1456
Ardahan,DOĞU ANADOLU,Cıldır,TUĞBA HAYATİ,1457
Ardahan,DOĞU ANADOLU,Cıldır,TUĞBA BEDRİYE,1458
Ardahan,DOĞU ANADOLU,Cıldır,TUĞBA MÜGE,1459
Ardahan,DOĞU ANADOLU,Cıldır,OĞUZHAN JALE,1460
Ardahan,DOĞU ANADOLU,Damal,OĞUZHAN ALİ,1461
Ardahan,DOĞU ANADOLU,Damal,OĞUZHAN MAHMUT,1462
Ardahan,DOĞU ANADOLU,Damal,OĞUZHAN MANSUR,1463
Ardahan,DOĞU ANADOLU,Damal,OĞUZHAN KÜRŞAD,1464
Ardahan,DOĞU ANADOLU,Damal,OĞUZHAN GAMZE,1465
Ardahan,DOĞU ANADOLU,Hanak,OĞUZHAN MİRAC,1466
Ardahan,DOĞU ANADOLU,Hanak,OĞUZHAN YÜCEL,1467
Ardahan,DOĞU ANADOLU,Hanak,OĞUZHAN KUBİLAY,1468
Ardahan,DOĞU ANADOLU,Hanak,OĞUZHAN HAYATİ,1469
Ardahan,DOĞU ANADOLU,Hanak,OĞUZHAN BEDRİYE,1470
Ardahan,DOĞU ANADOLU,Merkez,OĞUZHAN MÜGE,1471
Ardahan,DOĞU ANADOLU,Merkez,BERFİN JALE,1472
Ardahan,DOĞU ANADOLU,Merkez,BERFİN ALİ,1473
Ardahan,DOĞU ANADOLU,Merkez,BERFİN MAHMUT,1474
Ardahan,DOĞU ANADOLU,Merkez,BERFİN MANSUR,1475
Ardahan,DOĞU ANADOLU,Posof,BERFİN KÜRŞAD,1476
Ardahan,DOĞU ANADOLU,Posof,BERFİN GAMZE,1477
Ardahan,DOĞU ANADOLU,Posof,BERFİN MİRAC,1478
Ardahan,DOĞU ANADOLU,Posof,BERFİN YÜCEL,1479
Ardahan,DOĞU ANADOLU,Posof,BERFİN KUBİLAY,1480
Bitlis,DOĞU ANADOLU,Hizan,BERFİN HAYATİ,1481
Bitlis,DOĞU ANADOLU,Hizan,BERFİN BEDRİYE,1482
Bitlis,DOĞU ANADOLU,Hizan,BERFİN MÜGE,1483
Bitlis,DOĞU ANADOLU,Hizan,CAN JALE,1484
Bitlis,DOĞU ANADOLU,Hizan,CAN ALİ,1485
Bitlis,DOĞU ANADOLU,Ahlat,CAN MAHMUT,1486
Bitlis,DOĞU ANADOLU,Ahlat,CAN MANSUR,1487
Bitlis,DOĞU ANADOLU,Ahlat,CAN KÜRŞAD,1488
Bitlis,DOĞU ANADOLU,Ahlat,CAN GAMZE,1489
Bitlis,DOĞU ANADOLU,Ahlat,CAN MİRAC,1490
Bitlis,DOĞU ANADOLU,Merkez,CAN YÜCEL,1491
Bitlis,DOĞU ANADOLU,Merkez,CAN KUBİLAY,1492
Bitlis,DOĞU ANADOLU,Merkez,CAN HAYATİ,1493
Bitlis,DOĞU ANADOLU,Merkez,CAN BEDRİYE,1494
Bitlis,DOĞU ANADOLU,Merkez,CAN MÜGE,1495
Bitlis,DOĞU ANADOLU,Mutki,ÖZGÜR JALE,1496
Bitlis,DOĞU ANADOLU,Mutki,ÖZGÜR ALİ,1497
Bitlis,DOĞU ANADOLU,Mutki,ÖZGÜR MAHMUT,1498
Bitlis,DOĞU ANADOLU,Mutki,ÖZGÜR MANSUR,1499
Bitlis,DOĞU ANADOLU,Mutki,ÖZGÜR KÜRŞAD,1500
Bitlis,DOĞU ANADOLU,Tatvan,ÖZGÜR GAMZE,1501
Bitlis,DOĞU ANADOLU,Tatvan,ÖZGÜR MİRAC,1502
Bitlis,DOĞU ANADOLU,Tatvan,ÖZGÜR YÜCEL,1503
Bitlis,DOĞU ANADOLU,Tatvan,ÖZGÜR KUBİLAY,1504
Bitlis,DOĞU ANADOLU,Tatvan,ÖZGÜR HAYATİ,1505
Bingöl,DOĞU ANADOLU,Adaklı,ÖZGÜR BEDRİYE,1506
Bingöl,DOĞU ANADOLU,Adaklı,ÖZGÜR MÜGE,1507
Bingöl,DOĞU ANADOLU,Adaklı,CİHAN JALE,1508
Bingöl,DOĞU ANADOLU,Adaklı,CİHAN ALİ,1509
Bingöl,DOĞU ANADOLU,Adaklı,CİHAN MAHMUT,1510
Bingöl,DOĞU ANADOLU,Kiğı,CİHAN MANSUR,1511
Bingöl,DOĞU ANADOLU,Kiğı,CİHAN KÜRŞAD,1512
Bingöl,DOĞU ANADOLU,Kiğı,CİHAN GAMZE,1513
Bingöl,DOĞU ANADOLU,Kiğı,CİHAN MİRAC,1514
Bingöl,DOĞU ANADOLU,Kiğı,CİHAN YÜCEL,1515
Bingöl,DOĞU ANADOLU,Solhan,CİHAN KUBİLAY,1516
Bingöl,DOĞU ANADOLU,Solhan,CİHAN HAYATİ,1517
Bingöl,DOĞU ANADOLU,Solhan,CİHAN BEDRİYE,1518
Bingöl,DOĞU ANADOLU,Solhan,CİHAN MÜGE,1519
Bingöl,DOĞU ANADOLU,Solhan,DERMAN JALE,1520
Bingöl,DOĞU ANADOLU,Yayladere,DERMAN ALİ,1521
Bingöl,DOĞU ANADOLU,Yayladere,DERMAN MAHMUT,1522
Bingöl,DOĞU ANADOLU,Yayladere,DERMAN MANSUR,1523
Bingöl,DOĞU ANADOLU,Yayladere,DERMAN KÜRŞAD,1524
Bingöl,DOĞU ANADOLU,Yayladere,DERMAN GAMZE,1525
Bingöl,DOĞU ANADOLU,Yedisu,DERMAN MİRAC,1526
Bingöl,DOĞU ANADOLU,Yedisu,DERMAN YÜCEL,1527
Bingöl,DOĞU ANADOLU,Yedisu,DERMAN KUBİLAY,1528
Bingöl,DOĞU ANADOLU,Yedisu,DERMAN HAYATİ,1529
Bingöl,DOĞU ANADOLU,Yedisu,DERMAN BEDRİYE,1530
Elâzığ,DOĞU ANADOLU,Keban,DERMAN MÜGE,1531
Elâzığ,DOĞU ANADOLU,Keban,NİHAL JALE,1532
Elâzığ,DOĞU ANADOLU,Keban,NİHAL ALİ,1533
Elâzığ,DOĞU ANADOLU,Keban,NİHAL MAHMUT,1534
Elâzığ,DOĞU ANADOLU,Keban,NİHAL MANSUR,1535
Elâzığ,DOĞU ANADOLU,Kovancılar,NİHAL KÜRŞAD,1536
Elâzığ,DOĞU ANADOLU,Kovancılar,NİHAL GAMZE,1537
Elâzığ,DOĞU ANADOLU,Kovancılar,NİHAL MİRAC,1538
Elâzığ,DOĞU ANADOLU,Kovancılar,NİHAL YÜCEL,1539
Elâzığ,DOĞU ANADOLU,Kovancılar,NİHAL KUBİLAY,1540
Elâzığ,DOĞU ANADOLU,Maden,NİHAL HAYATİ,1541
Elâzığ,DOĞU ANADOLU,Maden,NİHAL BEDRİYE,1542
Elâzığ,DOĞU ANADOLU,Maden,NİHAL MÜGE,1543
Elâzığ,DOĞU ANADOLU,Maden,IŞIN JALE,1544
Elâzığ,DOĞU ANADOLU,Maden,IŞIN ALİ,1545
Elâzığ,DOĞU ANADOLU,Palu,IŞIN MAHMUT,1546
Elâzığ,DOĞU ANADOLU,Palu,IŞIN MANSUR,1547
Elâzığ,DOĞU ANADOLU,Palu,IŞIN KÜRŞAD,1548
Elâzığ,DOĞU ANADOLU,Palu,IŞIN GAMZE,1549
Elâzığ,DOĞU ANADOLU,Palu,IŞIN MİRAC,1550
Elâzığ,DOĞU ANADOLU,Sivrice,IŞIN YÜCEL,1551
Elâzığ,DOĞU ANADOLU,Sivrice,IŞIN KUBİLAY,1552
Elâzığ,DOĞU ANADOLU,Sivrice,IŞIN HAYATİ,1553
Elâzığ,DOĞU ANADOLU,Sivrice,IŞIN BEDRİYE,1554
Elâzığ,DOĞU ANADOLU,Sivrice,IŞIN MÜGE,1555
Erzincan,DOĞU ANADOLU,Otlukbeli,HATİCE JALE,1556
Erzincan,DOĞU ANADOLU,Otlukbeli,HATİCE ALİ,1557
Erzincan,DOĞU ANADOLU,Otlukbeli,HATİCE MAHMUT,1558
Erzincan,DOĞU ANADOLU,Otlukbeli,HATİCE MANSUR,1559
Erzincan,DOĞU ANADOLU,Otlukbeli,HATİCE KÜRŞAD,1560
Erzincan,DOĞU ANADOLU,İliC,HATİCE GAMZE,1561
Erzincan,DOĞU ANADOLU,İliC,HATİCE MİRAC,1562
Erzincan,DOĞU ANADOLU,İliC,HATİCE YÜCEL,1563
Erzincan,DOĞU ANADOLU,İliC,HATİCE KUBİLAY,1564
Erzincan,DOĞU ANADOLU,İliC,HATİCE HAYATİ,1565
Erzincan,DOĞU ANADOLU,Refahiye,HATİCE BEDRİYE,1566
Erzincan,DOĞU ANADOLU,Refahiye,HATİCE MÜGE,1567
Erzincan,DOĞU ANADOLU,Refahiye,DİDEM JALE,1568
Erzincan,DOĞU ANADOLU,Refahiye,DİDEM ALİ,1569
Erzincan,DOĞU ANADOLU,Refahiye,DİDEM MAHMUT,1570
Erzincan,DOĞU ANADOLU,Tercan,DİDEM MANSUR,1571
Erzincan,DOĞU ANADOLU,Tercan,DİDEM KÜRŞAD,1572
Erzincan,DOĞU ANADOLU,Tercan,DİDEM GAMZE,1573
Erzincan,DOĞU ANADOLU,Tercan,DİDEM MİRAC,1574
Erzincan,DOĞU ANADOLU,Tercan,DİDEM YÜCEL,1575
Erzincan,DOĞU ANADOLU,Üzümlü,DİDEM KUBİLAY,1576
Erzincan,DOĞU ANADOLU,Üzümlü,DİDEM HAYATİ,1577
Erzincan,DOĞU ANADOLU,Üzümlü,DİDEM BEDRİYE,1578
Erzincan,DOĞU ANADOLU,Üzümlü,DİDEM MÜGE,1579
Erzincan,DOĞU ANADOLU,Üzümlü,SUAT JALE,1580
Erzurum,DOĞU ANADOLU,Köprüköy,SUAT ALİ,1581
Erzurum,DOĞU ANADOLU,Köprüköy,SUAT MAHMUT,1582
Erzurum,DOĞU ANADOLU,Köprüköy,SUAT MANSUR,1583
Erzurum,DOĞU ANADOLU,Köprüköy,SUAT KÜRŞAD,1584
Erzurum,DOĞU ANADOLU,Köprüköy,SUAT GAMZE,1585
Erzurum,DOĞU ANADOLU,Pasinler,SUAT MİRAC,1586
Erzurum,DOĞU ANADOLU,Pasinler,SUAT YÜCEL,1587
Erzurum,DOĞU ANADOLU,Pasinler,SUAT KUBİLAY,1588
Erzurum,DOĞU ANADOLU,Pasinler,SUAT HAYATİ,1589
Erzurum,DOĞU ANADOLU,Pasinler,SUAT BEDRİYE,1590
Erzurum,DOĞU ANADOLU,Palandöken,SUAT MÜGE,1591
Erzurum,DOĞU ANADOLU,Palandöken,SİMENDER JALE,1592
Erzurum,DOĞU ANADOLU,Palandöken,SİMENDER ALİ,1593
Erzurum,DOĞU ANADOLU,Palandöken,SİMENDER MAHMUT,1594
Erzurum,DOĞU ANADOLU,Palandöken,SİMENDER MANSUR,1595
Erzurum,DOĞU ANADOLU,Tortum,SİMENDER KÜRŞAD,1596
Erzurum,DOĞU ANADOLU,Tortum,SİMENDER GAMZE,1597
Erzurum,DOĞU ANADOLU,Tortum,SİMENDER MİRAC,1598
Erzurum,DOĞU ANADOLU,Tortum,SİMENDER YÜCEL,1599
Erzurum,DOĞU ANADOLU,Tortum,SİMENDER KUBİLAY,1600
Erzurum,DOĞU ANADOLU,Uzundere,SİMENDER HAYATİ,1601
Erzurum,DOĞU ANADOLU,Uzundere,SİMENDER BEDRİYE,1602
Erzurum,DOĞU ANADOLU,Uzundere,SİMENDER MÜGE,1603
Erzurum,DOĞU ANADOLU,Uzundere,ADNAN JALE,1604
Erzurum,DOĞU ANADOLU,Uzundere,ADNAN ALİ,1605
Hakkâri,DOĞU ANADOLU,Cukurca,ADNAN MAHMUT,1606
Hakkâri,DOĞU ANADOLU,Cukurca,ADNAN MANSUR,1607
Hakkâri,DOĞU ANADOLU,Cukurca,ADNAN KÜRŞAD,1608
Hakkâri,DOĞU ANADOLU,Cukurca,ADNAN GAMZE,1609
Hakkâri,DOĞU ANADOLU,Cukurca,ADNAN MİRAC,1610
Hakkâri,DOĞU ANADOLU,Derecik,ADNAN YÜCEL,1611
Hakkâri,DOĞU ANADOLU,Derecik,ADNAN KUBİLAY,1612
Hakkâri,DOĞU ANADOLU,Derecik,ADNAN HAYATİ,1613
Hakkâri,DOĞU ANADOLU,Derecik,ADNAN BEDRİYE,1614
Hakkâri,DOĞU ANADOLU,Derecik,ADNAN MÜGE,1615
Hakkâri,DOĞU ANADOLU,Merkez,SEZİN JALE,1616
Hakkâri,DOĞU ANADOLU,Merkez,SEZİN ALİ,1617
Hakkâri,DOĞU ANADOLU,Merkez,SEZİN MAHMUT,1618
Hakkâri,DOĞU ANADOLU,Merkez,SEZİN MANSUR,1619
Hakkâri,DOĞU ANADOLU,Merkez,SEZİN KÜRŞAD,1620
Hakkâri,DOĞU ANADOLU,Şemdinli,SEZİN GAMZE,1621
Hakkâri,DOĞU ANADOLU,Şemdinli,SEZİN MİRAC,1622
Hakkâri,DOĞU ANADOLU,Şemdinli,SEZİN YÜCEL,1623
Hakkâri,DOĞU ANADOLU,Şemdinli,SEZİN KUBİLAY,1624
Hakkâri,DOĞU ANADOLU,Şemdinli,SEZİN HAYATİ,1625
Hakkâri,DOĞU ANADOLU,Yüksekova,SEZİN BEDRİYE,1626
Hakkâri,DOĞU ANADOLU,Yüksekova,SEZİN MÜGE,1627
Hakkâri,DOĞU ANADOLU,Yüksekova,ŞERAFETTİN JALE,1628
Hakkâri,DOĞU ANADOLU,Yüksekova,ŞERAFETTİN ALİ,1629
Hakkâri,DOĞU ANADOLU,Yüksekova,ŞERAFETTİN MAHMUT,1630
Iğdır,DOĞU ANADOLU,Aralık,ŞERAFETTİN MANSUR,1631
Iğdır,DOĞU ANADOLU,Aralık,ŞERAFETTİN KÜRŞAD,1632
Iğdır,DOĞU ANADOLU,Aralık,ŞERAFETTİN GAMZE,1633
Iğdır,DOĞU ANADOLU,Aralık,ŞERAFETTİN MİRAC,1634
Iğdır,DOĞU ANADOLU,Aralık,ŞERAFETTİN YÜCEL,1635
Iğdır,DOĞU ANADOLU,Karakoyunlu,ŞERAFETTİN KUBİLAY,1636
Iğdır,DOĞU ANADOLU,Karakoyunlu,ŞERAFETTİN HAYATİ,1637
Iğdır,DOĞU ANADOLU,Karakoyunlu,ŞERAFETTİN BEDRİYE,1638
Iğdır,DOĞU ANADOLU,Karakoyunlu,ŞERAFETTİN MÜGE,1639
Iğdır,DOĞU ANADOLU,Karakoyunlu,BERRİN JALE,1640
Iğdır,DOĞU ANADOLU,Merkez,BERRİN ALİ,1641
Iğdır,DOĞU ANADOLU,Merkez,BERRİN MAHMUT,1642
Iğdır,DOĞU ANADOLU,Merkez,BERRİN MANSUR,1643
Iğdır,DOĞU ANADOLU,Merkez,BERRİN KÜRŞAD,1644
Iğdır,DOĞU ANADOLU,Merkez,BERRİN GAMZE,1645
Iğdır,DOĞU ANADOLU,Tuzluca,BERRİN MİRAC,1646
Iğdır,DOĞU ANADOLU,Tuzluca,BERRİN YÜCEL,1647
Iğdır,DOĞU ANADOLU,Tuzluca,BERRİN KUBİLAY,1648
Iğdır,DOĞU ANADOLU,Tuzluca,BERRİN HAYATİ,1649
Iğdır,DOĞU ANADOLU,Tuzluca,BERRİN BEDRİYE,1650
Kars,DOĞU ANADOLU,Akyaka,BERRİN MÜGE,1651
Kars,DOĞU ANADOLU,Akyaka,ÖZGÜR JALE,1652
Kars,DOĞU ANADOLU,Akyaka,ÖZGÜR ALİ,1653
Kars,DOĞU ANADOLU,Akyaka,ÖZGÜR MAHMUT,1654
Kars,DOĞU ANADOLU,Akyaka,ÖZGÜR MANSUR,1655
Kars,DOĞU ANADOLU,Digor,ÖZGÜR KÜRŞAD,1656
Kars,DOĞU ANADOLU,Digor,ÖZGÜR GAMZE,1657
Kars,DOĞU ANADOLU,Digor,ÖZGÜR MİRAC,1658
Kars,DOĞU ANADOLU,Digor,ÖZGÜR YÜCEL,1659
Kars,DOĞU ANADOLU,Digor,ÖZGÜR KUBİLAY,1660
Kars,DOĞU ANADOLU,Sarıkamış,ÖZGÜR HAYATİ,1661
Kars,DOĞU ANADOLU,Sarıkamış,ÖZGÜR BEDRİYE,1662
Kars,DOĞU ANADOLU,Sarıkamış,ÖZGÜR MÜGE,1663
Kars,DOĞU ANADOLU,Sarıkamış,TAYFUR JALE,1664
Kars,DOĞU ANADOLU,Sarıkamış,TAYFUR ALİ,1665
Kars,DOĞU ANADOLU,Selim,TAYFUR MAHMUT,1666
Kars,DOĞU ANADOLU,Selim,TAYFUR MANSUR,1667
Kars,DOĞU ANADOLU,Selim,TAYFUR KÜRŞAD,1668
Kars,DOĞU ANADOLU,Selim,TAYFUR GAMZE,1669
Kars,DOĞU ANADOLU,Selim,TAYFUR MİRAC,1670
Kars,DOĞU ANADOLU,Susuz,TAYFUR YÜCEL,1671
Kars,DOĞU ANADOLU,Susuz,TAYFUR KUBİLAY,1672
Kars,DOĞU ANADOLU,Susuz,TAYFUR HAYATİ,1673
Kars,DOĞU ANADOLU,Susuz,TAYFUR BEDRİYE,1674
Kars,DOĞU ANADOLU,Susuz,TAYFUR MÜGE,1675
Malatya,DOĞU ANADOLU,Kale,SERHAT JALE,1676
Malatya,DOĞU ANADOLU,Kale,SERHAT ALİ,1677
Malatya,DOĞU ANADOLU,Kale,SERHAT MAHMUT,1678
Malatya,DOĞU ANADOLU,Kale,SERHAT MANSUR,1679
Malatya,DOĞU ANADOLU,Kale,SERHAT KÜRŞAD,1680
Malatya,DOĞU ANADOLU,Kuluncak,SERHAT GAMZE,1681
Malatya,DOĞU ANADOLU,Kuluncak,SERHAT MİRAC,1682
Malatya,DOĞU ANADOLU,Kuluncak,SERHAT YÜCEL,1683
Malatya,DOĞU ANADOLU,Kuluncak,SERHAT KUBİLAY,1684
Malatya,DOĞU ANADOLU,Kuluncak,SERHAT HAYATİ,1685
Malatya,DOĞU ANADOLU,Pütürge,SERHAT BEDRİYE,1686
Malatya,DOĞU ANADOLU,Pütürge,SERHAT MÜGE,1687
Malatya,DOĞU ANADOLU,Pütürge,FUNDA JALE,1688
Malatya,DOĞU ANADOLU,Pütürge,FUNDA ALİ,1689
Malatya,DOĞU ANADOLU,Pütürge,FUNDA MAHMUT,1690
Malatya,DOĞU ANADOLU,Yazıhan,FUNDA MANSUR,1691
Malatya,DOĞU ANADOLU,Yazıhan,FUNDA KÜRŞAD,1692
Malatya,DOĞU ANADOLU,Yazıhan,FUNDA GAMZE,1693
Malatya,DOĞU ANADOLU,Yazıhan,FUNDA MİRAC,1694
Malatya,DOĞU ANADOLU,Yazıhan,FUNDA YÜCEL,1695
Malatya,DOĞU ANADOLU,Yeşilyurt,FUNDA KUBİLAY,1696
Malatya,DOĞU ANADOLU,Yeşilyurt,FUNDA HAYATİ,1697
Malatya,DOĞU ANADOLU,Yeşilyurt,FUNDA BEDRİYE,1698
Malatya,DOĞU ANADOLU,Yeşilyurt,FUNDA MÜGE,1699
Malatya,DOĞU ANADOLU,Yeşilyurt,NESLİHAN JALE,1700
Muş,DOĞU ANADOLU,Bulanık,NESLİHAN ALİ,1701
Muş,DOĞU ANADOLU,Bulanık,NESLİHAN MAHMUT,1702
Muş,DOĞU ANADOLU,Bulanık,NESLİHAN MANSUR,1703
Muş,DOĞU ANADOLU,Bulanık,NESLİHAN KÜRŞAD,1704
Muş,DOĞU ANADOLU,Bulanık,NESLİHAN GAMZE,1705
Muş,DOĞU ANADOLU,Korkut,NESLİHAN MİRAC,1706
Muş,DOĞU ANADOLU,Korkut,NESLİHAN YÜCEL,1707
Muş,DOĞU ANADOLU,Korkut,NESLİHAN KUBİLAY,1708
Muş,DOĞU ANADOLU,Korkut,NESLİHAN HAYATİ,1709
Muş,DOĞU ANADOLU,Korkut,NESLİHAN BEDRİYE,1710
Muş,DOĞU ANADOLU,Malazgirt,NESLİHAN MÜGE,1711
Muş,DOĞU ANADOLU,Malazgirt,SERVET JALE,1712
Muş,DOĞU ANADOLU,Malazgirt,SERVET ALİ,1713
Muş,DOĞU ANADOLU,Malazgirt,SERVET MAHMUT,1714
Muş,DOĞU ANADOLU,Malazgirt,SERVET MANSUR,1715
Muş,DOĞU ANADOLU,Merkez,SERVET KÜRŞAD,1716
Muş,DOĞU ANADOLU,Merkez,SERVET GAMZE,1717
Muş,DOĞU ANADOLU,Merkez,SERVET MİRAC,1718
Muş,DOĞU ANADOLU,Merkez,SERVET YÜCEL,1719
Muş,DOĞU ANADOLU,Merkez,SERVET KUBİLAY,1720
Muş,DOĞU ANADOLU,Varto,SERVET HAYATİ,1721
Muş,DOĞU ANADOLU,Varto,SERVET BEDRİYE,1722
Muş,DOĞU ANADOLU,Varto,SERVET MÜGE,1723
Muş,DOĞU ANADOLU,Varto,EMRE JALE,1724
Muş,DOĞU ANADOLU,Varto,EMRE ALİ,1725
Şırnak,DOĞU ANADOLU,Beytüşşebap,EMRE MAHMUT,1726
Şırnak,DOĞU ANADOLU,Beytüşşebap,EMRE MANSUR,1727
Şırnak,DOĞU ANADOLU,Beytüşşebap,EMRE KÜRŞAD,1728
Şırnak,DOĞU ANADOLU,Beytüşşebap,EMRE GAMZE,1729
Şırnak,DOĞU ANADOLU,Beytüşşebap,EMRE MİRAC,1730
Şırnak,DOĞU ANADOLU,Cizre,EMRE YÜCEL,1731
Şırnak,DOĞU ANADOLU,Cizre,EMRE KUBİLAY,1732
Şırnak,DOĞU ANADOLU,Cizre,EMRE HAYATİ,1733
Şırnak,DOĞU ANADOLU,Cizre,EMRE BEDRİYE,1734
Şırnak,DOĞU ANADOLU,Cizre,EMRE MÜGE,1735
Şırnak,DOĞU ANADOLU,GüClükonak,ORCUN JALE,1736
Şırnak,DOĞU ANADOLU,GüClükonak,ORCUN ALİ,1737
Şırnak,DOĞU ANADOLU,GüClükonak,ORCUN MAHMUT,1738
Şırnak,DOĞU ANADOLU,GüClükonak,ORCUN MANSUR,1739
Şırnak,DOĞU ANADOLU,GüClükonak,ORCUN KÜRŞAD,1740
Şırnak,DOĞU ANADOLU,Silopi,ORCUN GAMZE,1741
Şırnak,DOĞU ANADOLU,Silopi,ORCUN MİRAC,1742
Şırnak,DOĞU ANADOLU,Silopi,ORCUN YÜCEL,1743
Şırnak,DOĞU ANADOLU,Silopi,ORCUN KUBİLAY,1744
Şırnak,DOĞU ANADOLU,Silopi,ORCUN HAYATİ,1745
Şırnak,DOĞU ANADOLU,Uludere,ORCUN BEDRİYE,1746
Şırnak,DOĞU ANADOLU,Uludere,ORCUN MÜGE,1747
Şırnak,DOĞU ANADOLU,Uludere,FATMA JALE,1748
Şırnak,DOĞU ANADOLU,Uludere,FATMA ALİ,1749
Şırnak,DOĞU ANADOLU,Uludere,FATMA MAHMUT,1750
Tunceli,DOĞU ANADOLU,Cemişgezek,FATMA MANSUR,1751
Tunceli,DOĞU ANADOLU,Cemişgezek,FATMA KÜRŞAD,1752
Tunceli,DOĞU ANADOLU,Cemişgezek,FATMA GAMZE,1753
Tunceli,DOĞU ANADOLU,Cemişgezek,FATMA MİRAC,1754
Tunceli,DOĞU ANADOLU,Cemişgezek,FATMA YÜCEL,1755
Tunceli,DOĞU ANADOLU,Nazımiye,FATMA KUBİLAY,1756
Tunceli,DOĞU ANADOLU,Nazımiye,FATMA HAYATİ,1757
Tunceli,DOĞU ANADOLU,Nazımiye,FATMA BEDRİYE,1758
Tunceli,DOĞU ANADOLU,Nazımiye,FATMA MÜGE,1759
Tunceli,DOĞU ANADOLU,Nazımiye,ESİN JALE,1760
Tunceli,DOĞU ANADOLU,Ovacık,ESİN ALİ,1761
Tunceli,DOĞU ANADOLU,Ovacık,ESİN MAHMUT,1762
Tunceli,DOĞU ANADOLU,Ovacık,ESİN MANSUR,1763
Tunceli,DOĞU ANADOLU,Ovacık,ESİN KÜRŞAD,1764
Tunceli,DOĞU ANADOLU,Ovacık,ESİN GAMZE,1765
Tunceli,DOĞU ANADOLU,Pertek,ESİN MİRAC,1766
Tunceli,DOĞU ANADOLU,Pertek,ESİN YÜCEL,1767
Tunceli,DOĞU ANADOLU,Pertek,ESİN KUBİLAY,1768
Tunceli,DOĞU ANADOLU,Pertek,ESİN HAYATİ,1769
Tunceli,DOĞU ANADOLU,Pertek,ESİN BEDRİYE,1770
Tunceli,DOĞU ANADOLU,Pülümür,ESİN MÜGE,1771
Tunceli,DOĞU ANADOLU,Pülümür,DERYA JALE,1772
Tunceli,DOĞU ANADOLU,Pülümür,DERYA ALİ,1773
Tunceli,DOĞU ANADOLU,Pülümür,DERYA MAHMUT,1774
Tunceli,DOĞU ANADOLU,Pülümür,DERYA MANSUR,1775
Van,DOĞU ANADOLU,Gürpınar,DERYA KÜRŞAD,1776
Van,DOĞU ANADOLU,Gürpınar,DERYA GAMZE,1777
Van,DOĞU ANADOLU,Gürpınar,DERYA MİRAC,1778
Van,DOĞU ANADOLU,Gürpınar,DERYA YÜCEL,1779
Van,DOĞU ANADOLU,Gürpınar,DERYA KUBİLAY,1780
Van,DOĞU ANADOLU,Muradiye,DERYA HAYATİ,1781
Van,DOĞU ANADOLU,Muradiye,DERYA BEDRİYE,1782
Van,DOĞU ANADOLU,Muradiye,DERYA MÜGE,1783
Van,DOĞU ANADOLU,Muradiye,DUYGU JALE,1784
Van,DOĞU ANADOLU,Muradiye,DUYGU ALİ,1785
Van,DOĞU ANADOLU,Özalp,DUYGU MAHMUT,1786
Van,DOĞU ANADOLU,Özalp,DUYGU MANSUR,1787
Van,DOĞU ANADOLU,Özalp,DUYGU KÜRŞAD,1788
Van,DOĞU ANADOLU,Özalp,DUYGU GAMZE,1789
Van,DOĞU ANADOLU,Özalp,DUYGU MİRAC,1790
Van,DOĞU ANADOLU,Saray,DUYGU YÜCEL,1791
Van,DOĞU ANADOLU,Saray,DUYGU KUBİLAY,1792
Van,DOĞU ANADOLU,Saray,DUYGU HAYATİ,1793
Van,DOĞU ANADOLU,Saray,DUYGU BEDRİYE,1794
Van,DOĞU ANADOLU,Saray,DUYGU MÜGE,1795
Van,DOĞU ANADOLU,Tuşba,HÜSEYİN JALE,1796
Van,DOĞU ANADOLU,Tuşba,HÜSEYİN ALİ,1797
Van,DOĞU ANADOLU,Tuşba,HÜSEYİN MAHMUT,1798
Van,DOĞU ANADOLU,Tuşba,HÜSEYİN MANSUR,1799
Van,DOĞU ANADOLU,Tuşba,HÜSEYİN KÜRŞAD,1800
Adana,AKDENİZ,Saimbeyli,HÜSEYİN GAMZE,1801
Adana,AKDENİZ,Saimbeyli,HÜSEYİN MİRAC,1802
Adana,AKDENİZ,Saimbeyli,HÜSEYİN YÜCEL,1803
Adana,AKDENİZ,Saimbeyli,HÜSEYİN KUBİLAY,1804
Adana,AKDENİZ,Saimbeyli,HÜSEYİN HAYATİ,1805
Adana,AKDENİZ,SarıCam,HÜSEYİN BEDRİYE,1806
Adana,AKDENİZ,SarıCam,HÜSEYİN MÜGE,1807
Adana,AKDENİZ,SarıCam,AYKUT JALE,1808
Adana,AKDENİZ,SarıCam,AYKUT ALİ,1809
Adana,AKDENİZ,SarıCam,AYKUT MAHMUT,1810
Adana,AKDENİZ,Seyhan,AYKUT MANSUR,1811
Adana,AKDENİZ,Seyhan,AYKUT KÜRŞAD,1812
Adana,AKDENİZ,Seyhan,AYKUT GAMZE,1813
Adana,AKDENİZ,Seyhan,AYKUT MİRAC,1814
Adana,AKDENİZ,Seyhan,AYKUT YÜCEL,1815
Adana,AKDENİZ,Tufanbeyli,AYKUT KUBİLAY,1816
Adana,AKDENİZ,Tufanbeyli,AYKUT HAYATİ,1817
Adana,AKDENİZ,Tufanbeyli,AYKUT BEDRİYE,1818
Adana,AKDENİZ,Tufanbeyli,AYKUT MÜGE,1819
Adana,AKDENİZ,Tufanbeyli,AYŞE JALE,1820
Adana,AKDENİZ,Yumurtalık,AYŞE ALİ,1821
Adana,AKDENİZ,Yumurtalık,AYŞE MAHMUT,1822
Adana,AKDENİZ,Yumurtalık,AYŞE MANSUR,1823
Adana,AKDENİZ,Yumurtalık,AYŞE KÜRŞAD,1824
Adana,AKDENİZ,Yumurtalık,AYŞE GAMZE,1825
Antalya,AKDENİZ,Konyaaltı,AYŞE MİRAC,1826
Antalya,AKDENİZ,Konyaaltı,AYŞE YÜCEL,1827
Antalya,AKDENİZ,Konyaaltı,AYŞE KUBİLAY,1828
Antalya,AKDENİZ,Konyaaltı,AYŞE HAYATİ,1829
Antalya,AKDENİZ,Konyaaltı,AYŞE BEDRİYE,1830
Antalya,AKDENİZ,Korkuteli,AYŞE MÜGE,1831
Antalya,AKDENİZ,Korkuteli,SEHER JALE,1832
Antalya,AKDENİZ,Korkuteli,SEHER ALİ,1833
Antalya,AKDENİZ,Korkuteli,SEHER MAHMUT,1834
Antalya,AKDENİZ,Korkuteli,SEHER MANSUR,1835
Antalya,AKDENİZ,Kumluca,SEHER KÜRŞAD,1836
Antalya,AKDENİZ,Kumluca,SEHER GAMZE,1837
Antalya,AKDENİZ,Kumluca,SEHER MİRAC,1838
Antalya,AKDENİZ,Kumluca,SEHER YÜCEL,1839
Antalya,AKDENİZ,Kumluca,SEHER KUBİLAY,1840
Antalya,AKDENİZ,Manavgat,SEHER HAYATİ,1841
Antalya,AKDENİZ,Manavgat,SEHER BEDRİYE,1842
Antalya,AKDENİZ,Manavgat,SEHER MÜGE,1843
Antalya,AKDENİZ,Manavgat,ÖZLEM JALE,1844
Antalya,AKDENİZ,Manavgat,ÖZLEM ALİ,1845
Antalya,AKDENİZ,Serik,ÖZLEM MAHMUT,1846
Antalya,AKDENİZ,Serik,ÖZLEM MANSUR,1847
Antalya,AKDENİZ,Serik,ÖZLEM KÜRŞAD,1848
Antalya,AKDENİZ,Serik,ÖZLEM GAMZE,1849
Antalya,AKDENİZ,Serik,ÖZLEM MİRAC,1850
Burdur,AKDENİZ,Gölhisar,ÖZLEM YÜCEL,1851
Burdur,AKDENİZ,Gölhisar,ÖZLEM KUBİLAY,1852
Burdur,AKDENİZ,Gölhisar,ÖZLEM HAYATİ,1853
Burdur,AKDENİZ,Gölhisar,ÖZLEM BEDRİYE,1854
Burdur,AKDENİZ,Gölhisar,ÖZLEM MÜGE,1855
Burdur,AKDENİZ,Karamanlı,SEDA JALE,1856
Burdur,AKDENİZ,Karamanlı,SEDA ALİ,1857
Burdur,AKDENİZ,Karamanlı,SEDA MAHMUT,1858
Burdur,AKDENİZ,Karamanlı,SEDA MANSUR,1859
Burdur,AKDENİZ,Karamanlı,SEDA KÜRŞAD,1860
Burdur,AKDENİZ,Tefenni,SEDA GAMZE,1861
Burdur,AKDENİZ,Tefenni,SEDA MİRAC,1862
Burdur,AKDENİZ,Tefenni,SEDA YÜCEL,1863
Burdur,AKDENİZ,Tefenni,SEDA KUBİLAY,1864
Burdur,AKDENİZ,Tefenni,SEDA HAYATİ,1865
Burdur,AKDENİZ,Kemer,SEDA BEDRİYE,1866
Burdur,AKDENİZ,Kemer,SEDA MÜGE,1867
Burdur,AKDENİZ,Kemer,ESRA JALE,1868
Burdur,AKDENİZ,Kemer,ESRA ALİ,1869
Burdur,AKDENİZ,Kemer,ESRA MAHMUT,1870
Burdur,AKDENİZ,Yeşilova,ESRA MANSUR,1871
Burdur,AKDENİZ,Yeşilova,ESRA KÜRŞAD,1872
Burdur,AKDENİZ,Yeşilova,ESRA GAMZE,1873
Burdur,AKDENİZ,Yeşilova,ESRA MİRAC,1874
Burdur,AKDENİZ,Yeşilova,ESRA YÜCEL,1875
Hatay,AKDENİZ,Kumlu,ESRA KUBİLAY,1876
Hatay,AKDENİZ,Kumlu,ESRA HAYATİ,1877
Hatay,AKDENİZ,Kumlu,ESRA BEDRİYE,1878
Hatay,AKDENİZ,Kumlu,ESRA MÜGE,1879
Hatay,AKDENİZ,Kumlu,CAN JALE,1880
Hatay,AKDENİZ,Payas,CAN ALİ,1881
Hatay,AKDENİZ,Payas,CAN MAHMUT,1882
Hatay,AKDENİZ,Payas,CAN MANSUR,1883
Hatay,AKDENİZ,Payas,CAN KÜRŞAD,1884
Hatay,AKDENİZ,Payas,CAN GAMZE,1885
Hatay,AKDENİZ,Reyhanlı,CAN MİRAC,1886
Hatay,AKDENİZ,Reyhanlı,CAN YÜCEL,1887
Hatay,AKDENİZ,Reyhanlı,CAN KUBİLAY,1888
Hatay,AKDENİZ,Reyhanlı,CAN HAYATİ,1889
Hatay,AKDENİZ,Reyhanlı,CAN BEDRİYE,1890
Hatay,AKDENİZ,Samandağ,CAN MÜGE,1891
Hatay,AKDENİZ,Samandağ,EVREN JALE,1892
Hatay,AKDENİZ,Samandağ,EVREN ALİ,1893
Hatay,AKDENİZ,Samandağ,EVREN MAHMUT,1894
Hatay,AKDENİZ,Samandağ,EVREN MANSUR,1895
Hatay,AKDENİZ,Yayladağı,EVREN KÜRŞAD,1896
Hatay,AKDENİZ,Yayladağı,EVREN GAMZE,1897
Hatay,AKDENİZ,Yayladağı,EVREN MİRAC,1898
Hatay,AKDENİZ,Yayladağı,EVREN YÜCEL,1899
Hatay,AKDENİZ,Yayladağı,EVREN KUBİLAY,1900
Isparta,AKDENİZ,Senirkent,EVREN HAYATİ,1901
Isparta,AKDENİZ,Senirkent,EVREN BEDRİYE,1902
Isparta,AKDENİZ,Senirkent,EVREN MÜGE,1903
Isparta,AKDENİZ,Senirkent,NİLÜFER JALE,1904
Isparta,AKDENİZ,Senirkent,NİLÜFER ALİ,1905
Isparta,AKDENİZ,Uluborlu,NİLÜFER MAHMUT,1906
Isparta,AKDENİZ,Uluborlu,NİLÜFER MANSUR,1907
Isparta,AKDENİZ,Uluborlu,NİLÜFER KÜRŞAD,1908
Isparta,AKDENİZ,Uluborlu,NİLÜFER GAMZE,1909
Isparta,AKDENİZ,Uluborlu,NİLÜFER MİRAC,1910
Isparta,AKDENİZ,ŞarkikaraağaC,NİLÜFER YÜCEL,1911
Isparta,AKDENİZ,ŞarkikaraağaC,NİLÜFER KUBİLAY,1912
Isparta,AKDENİZ,ŞarkikaraağaC,NİLÜFER HAYATİ,1913
Isparta,AKDENİZ,ŞarkikaraağaC,NİLÜFER BEDRİYE,1914
Isparta,AKDENİZ,ŞarkikaraağaC,NİLÜFER MÜGE,1915
Isparta,AKDENİZ,YalvaC,MURAT JALE,1916
Isparta,AKDENİZ,YalvaC,MURAT ALİ,1917
Isparta,AKDENİZ,YalvaC,MURAT MAHMUT,1918
Isparta,AKDENİZ,YalvaC,MURAT MANSUR,1919
Isparta,AKDENİZ,YalvaC,MURAT KÜRŞAD,1920
Isparta,AKDENİZ,Yenişarbademli,MURAT GAMZE,1921
Isparta,AKDENİZ,Yenişarbademli,MURAT MİRAC,1922
Isparta,AKDENİZ,Yenişarbademli,MURAT YÜCEL,1923
Isparta,AKDENİZ,Yenişarbademli,MURAT KUBİLAY,1924
Isparta,AKDENİZ,Yenişarbademli,MURAT HAYATİ,1925
Mersin,AKDENİZ,Mut,MURAT BEDRİYE,1926
Mersin,AKDENİZ,Mut,MURAT MÜGE,1927
Mersin,AKDENİZ,Mut,YUSUF JALE,1928
Mersin,AKDENİZ,Mut,YUSUF ALİ,1929
Mersin,AKDENİZ,Mut,YUSUF MAHMUT,1930
Mersin,AKDENİZ,Silifke,YUSUF MANSUR,1931
Mersin,AKDENİZ,Silifke,YUSUF KÜRŞAD,1932
Mersin,AKDENİZ,Silifke,YUSUF GAMZE,1933
Mersin,AKDENİZ,Silifke,YUSUF MİRAC,1934
Mersin,AKDENİZ,Silifke,YUSUF YÜCEL,1935
Mersin,AKDENİZ,Tarsus,YUSUF KUBİLAY,1936
Mersin,AKDENİZ,Tarsus,YUSUF HAYATİ,1937
Mersin,AKDENİZ,Tarsus,YUSUF BEDRİYE,1938
Mersin,AKDENİZ,Tarsus,YUSUF MÜGE,1939
Mersin,AKDENİZ,Tarsus,MUSTAFA JALE,1940
Mersin,AKDENİZ,Toroslar,MUSTAFA ALİ,1941
Mersin,AKDENİZ,Toroslar,MUSTAFA MAHMUT,1942
Mersin,AKDENİZ,Toroslar,MUSTAFA MANSUR,1943
Mersin,AKDENİZ,Toroslar,MUSTAFA KÜRŞAD,1944
Mersin,AKDENİZ,Toroslar,MUSTAFA GAMZE,1945
Mersin,AKDENİZ,Yenişehir,MUSTAFA MİRAC,1946
Mersin,AKDENİZ,Yenişehir,MUSTAFA YÜCEL,1947
Mersin,AKDENİZ,Yenişehir,MUSTAFA KUBİLAY,1948
Mersin,AKDENİZ,Yenişehir,MUSTAFA HAYATİ,1949
Mersin,AKDENİZ,Yenişehir,MUSTAFA BEDRİYE,1950
Osmaniye,AKDENİZ,Toprakkale,MUSTAFA MÜGE,1951
Osmaniye,AKDENİZ,Toprakkale,BARAN JALE,1952
Osmaniye,AKDENİZ,Toprakkale,BARAN ALİ,1953
Osmaniye,AKDENİZ,Toprakkale,BARAN MAHMUT,1954
Osmaniye,AKDENİZ,Toprakkale,BARAN MANSUR,1955
Osmaniye,AKDENİZ,DüziCi,BARAN KÜRŞAD,1956
Osmaniye,AKDENİZ,DüziCi,BARAN GAMZE,1957
Osmaniye,AKDENİZ,DüziCi,BARAN MİRAC,1958
Osmaniye,AKDENİZ,DüziCi,BARAN YÜCEL,1959
Osmaniye,AKDENİZ,DüziCi,BARAN KUBİLAY,1960
Osmaniye,AKDENİZ,Hasanbeyli,BARAN HAYATİ,1961
Osmaniye,AKDENİZ,Hasanbeyli,BARAN BEDRİYE,1962
Osmaniye,AKDENİZ,Hasanbeyli,BARAN MÜGE,1963
Osmaniye,AKDENİZ,Hasanbeyli,GÜNEŞ JALE,1964
Osmaniye,AKDENİZ,Hasanbeyli,GÜNEŞ ALİ,1965
Osmaniye,AKDENİZ,Sumbas,GÜNEŞ MAHMUT,1966
Osmaniye,AKDENİZ,Sumbas,GÜNEŞ MANSUR,1967
Osmaniye,AKDENİZ,Sumbas,GÜNEŞ KÜRŞAD,1968
Osmaniye,AKDENİZ,Sumbas,GÜNEŞ GAMZE,1969
Osmaniye,AKDENİZ,Sumbas,GÜNEŞ MİRAC,1970
Osmaniye,AKDENİZ,Kadirli,GÜNEŞ YÜCEL,1971
Osmaniye,AKDENİZ,Kadirli,GÜNEŞ KUBİLAY,1972
Osmaniye,AKDENİZ,Kadirli,GÜNEŞ HAYATİ,1973
Osmaniye,AKDENİZ,Kadirli,GÜNEŞ BEDRİYE,1974
Osmaniye,AKDENİZ,Kadirli,GÜNEŞ MÜGE,1975