GEREKSIZ,NAME,GEREKSIZ,GEREKSIZ,SURNAME,GEREKSIZ,ID
251,Adıyahşi,E,8347,Peksu,K,1
252,Adıyaman,E,8347,Peksu,K,2
253,Adil,E,8347,Peksu,K,3
254,Adile,K,8347,Peksu,K,4
255,Adilhan,E,8347,Peksu,K,5
256,Adlan,E,8347,Peksu,K,6
257,Adlı,E,8347,Peksu,K,7
258,Adlığ,E,8347,Peksu,K,8
259,Adli,E,8347,Peksu,K,9
260,Adnan,E,8347,Peksu,K,10
261,Adni,E,8347,Peksu,K,11
262,Adniye,K,8347,Peksu,K,12
263,Adsız,E,8347,Peksu,K,13
264,Adsoy,E,8347,Peksu,K,14
265,Adviye,K,8347,Peksu,K,15
266,Afacan,E,8347,Peksu,K,16
267,Afak,U,8347,Peksu,K,17
268,Afer,E,8347,Peksu,K,18
269,Afet,K,8347,Peksu,K,19
270,Affan,U,8347,Peksu,K,20
271,Afi,K,8347,Peksu,K,21
272,Afif,E,8347,Peksu,K,22
273,Afife,K,8347,Peksu,K,23
274,Afitap,K,8347,Peksu,K,24
275,Afiye,K,8347,Peksu,K,25
276,Afiyet,K,8347,Peksu,K,26
277,Afra,K,8347,Peksu,K,27
278,Afşar,E,8347,Peksu,K,28
279,Afşin,E,8347,Peksu,K,29
280,Agâh,E,8347,Peksu,K,30
281,Agil,E,8347,Peksu,K,31
282,Aguş,K,8347,Peksu,K,32
283,Ağa,E,8347,Peksu,K,33
284,Ağacan,E,8347,Peksu,K,34
285,Ağahan,E,8347,Peksu,K,35
286,Ağahanım,K,8347,Peksu,K,36
287,Ağahatun,K,8347,Peksu,K,37
288,Ağakan,E,8347,Peksu,K,38
289,Ağakatun,K,8347,Peksu,K,39
290,Ağan,U,8347,Peksu,K,40
291,Ağanbegim,K,8347,Peksu,K,41
292,Ağanbegüm,K,8347,Peksu,K,42
293,Ağanbike,K,8347,Peksu,K,43
294,Ağanbüke,K,8347,Peksu,K,44
295,Ağaner,E,8347,Peksu,K,45
296,Ağaoğlu,E,8347,Peksu,K,46
297,Ağar,E,8347,Peksu,K,47
298,Ağarantan,E,8347,Peksu,K,48
299,Ağaverdi,E,8347,Peksu,K,49
300,Ağbacı,K,8347,Peksu,K,50
301,Ağbegim,K,8347,Peksu,K,51
302,Ağbegüm,K,8347,Peksu,K,52
303,Ağbet,K,8347,Peksu,K,53
304,Ağbilek,K,8347,Peksu,K,54
305,Ağca,U,8347,Peksu,K,55
306,Ağça,K,8347,Peksu,K,56
307,Ağçelik,E,8347,Peksu,K,57
308,Ağer,E,8347,Peksu,K,58
309,Ağgül,K,8347,Peksu,K,59
310,Ağın,E,8347,Peksu,K,60
311,Ağırtaş,E,8347,Peksu,K,61
312,Ağış,U,8347,Peksu,K,62
313,Ağkız,K,8347,Peksu,K,63
314,Ağnak,E,8347,Peksu,K,64
315,Ağyar,E,8347,Peksu,K,65
316,Ahen,E,8347,Peksu,K,66
317,Ahenk,K,8347,Peksu,K,67
318,Ahfeş,E,8347,Peksu,K,68
319,Ahıska,E,8347,Peksu,K,69
320,Ahi,E,8347,Peksu,K,70
321,Ahmet,E,8347,Peksu,K,71
322,Ahsen,U,8347,Peksu,K,72
323,Ahter,U,8347,Peksu,K,73
324,Ahu,K,8347,Peksu,K,74
325,Aişe,K,8347,Peksu,K,75
326,Ajda,K,8347,Peksu,K,76
327,Ajlan,E,8347,Peksu,K,77
328,Ak,K,8347,Peksu,K,78
329,Aka,E,8347,Peksu,K,79
330,Akad,E,8347,Peksu,K,80
331,Akadlı,E,8347,Peksu,K,81
332,Akağan,E,8347,Peksu,K,82
333,Akal,E,8347,Peksu,K,83
334,Akalan,E,8347,Peksu,K,84
335,Akalın,U,8347,Peksu,K,85
336,Akalp,E,8347,Peksu,K,86
337,Akaltan,E,8347,Peksu,K,87
338,Akan,E,8347,Peksu,K,88
339,Akanay,U,8347,Peksu,K,89
340,Akaner,E,8347,Peksu,K,90
341,Akansu,E,8347,Peksu,K,91
342,Akant,E,8347,Peksu,K,92
343,Akanyıldız,E,8347,Peksu,K,93
344,Akarca,E,8347,Peksu,K,94
345,Akarçay,E,8347,Peksu,K,95
346,Akarsel,E,8347,Peksu,K,96
347,Akarsu,U,8347,Peksu,K,97
348,Akartuna,E,8347,Peksu,K,98
349,Akartürk,E,8347,Peksu,K,99
350,Akasma,E,8347,Peksu,K,100
351,Akasoy,E,8347,Peksu,K,101
352,Akata,E,8347,Peksu,K,102
353,Akatay,E,8347,Peksu,K,103
354,Akay,U,8347,Peksu,K,104
355,Akaydın,E,8347,Peksu,K,105
356,Akbacı,K,8347,Peksu,K,106
357,Akbal,U,8347,Peksu,K,107
358,Akbaran,E,8347,Peksu,K,108
359,Akbaş,E,8347,Peksu,K,109
360,Akbaşak,U,8347,Peksu,K,110
361,Akbatu,E,8347,Peksu,K,111
362,Akbatur,E,8347,Peksu,K,112
363,Akbay,E,8347,Peksu,K,113
364,Akbayar,E,8347,Peksu,K,114
365,Akbek,E,8347,Peksu,K,115
366,Akbel,E,8347,Peksu,K,116
367,Akbet,E,8347,Peksu,K,117
368,Akbey,E,8347,Peksu,K,118
369,Akbil,E,8347,Peksu,K,119
370,Akbilge,E,8347,Peksu,K,120
371,Akboğa,E,8347,Peksu,K,121
372,Akbora,E,8347,Peksu,K,122
373,Akboy,E,8347,Peksu,K,123
374,Akbörü,E,8347,Peksu,K,124
375,Akbudun,E,8347,Peksu,K,125
376,Akbuğ,E,8347,Peksu,K,126
377,Akbulut,E,8347,Peksu,K,127
378,Akburak,E,8347,Peksu,K,128
379,Akburç,E,8347,Peksu,K,129
380,Akburçak,E,8347,Peksu,K,130
381,Akcan,U,8347,Peksu,K,131
382,Akcebe,E,8347,Peksu,K,132
383,Akcivan,E,8347,Peksu,K,133
384,Akça,U,8347,Peksu,K,134
385,Akçael,E,8347,Peksu,K,135
386,Akçagül,K,8347,Peksu,K,136
387,Akçakan,E,8347,Peksu,K,137
388,Akçakaya,E,8347,Peksu,K,138
389,Akçakıl,E,8347,Peksu,K,139
390,Akçakoca,E,8347,Peksu,K,140
391,Akçal,E,8347,Peksu,K,141
392,Akçalı,E,8347,Peksu,K,142
393,Akçam,E,8347,Peksu,K,143
394,Akçan,E,8347,Peksu,K,144
395,Akçasu,U,8347,Peksu,K,145
396,Akçay,E,8347,Peksu,K,146
397,Akçer,E,8347,Peksu,K,147
398,Akçığır,E,8347,Peksu,K,148
399,Akçıl,U,8347,Peksu,K,149
400,Akçınar,E,8347,Peksu,K,150
401,Akçiçek,K,8347,Peksu,K,151
402,Akçit,E,8347,Peksu,K,152
403,Akçora,E,8347,Peksu,K,153
404,Akdağ,E,8347,Peksu,K,154
405,Akdal,E,8347,Peksu,K,155
406,Akdamar,E,8347,Peksu,K,156
407,Akdemir,E,8347,Peksu,K,157
408,Akdeniz,E,8347,Peksu,K,158
409,Akdes,U,8347,Peksu,K,159
410,Akdik,E,8347,Peksu,K,160
411,Akdiken,E,8347,Peksu,K,161
412,Akdil,E,8347,Peksu,K,162
413,Akdoğ,E,8347,Peksu,K,163
414,Akdoğan,E,8347,Peksu,K,164
415,Akdoğdu,E,8347,Peksu,K,165
416,Akdoğmuş,E,8347,Peksu,K,166
417,Akdoğu,E,8347,Peksu,K,167
418,Akdolun,K,8347,Peksu,K,168
419,Akdora,E,8347,Peksu,K,169
420,Akdoru,E,8347,Peksu,K,170
421,Akdoruk,E,8347,Peksu,K,171
422,Akdöl,E,8347,Peksu,K,172
423,Akduman,E,8347,Peksu,K,173
424,Akdur,E,8347,Peksu,K,174
425,Akdurmuş,E,8347,Peksu,K,175
426,Akel,U,8347,Peksu,K,176
427,Aker,E,8347,Peksu,K,177
428,Akergin,E,8347,Peksu,K,178
429,Akerman,E,8347,Peksu,K,179
430,Akersan,E,8347,Peksu,K,180
431,Akersoy,E,8347,Peksu,K,181
432,Akgil,E,8347,Peksu,K,182
433,Akgiray,E,8347,Peksu,K,183
434,Akgöl,E,8347,Peksu,K,184
435,Akgöze,E,8347,Peksu,K,185
436,Akgüç,E,8347,Peksu,K,186
437,Akgül,K,8347,Peksu,K,187
438,Akgün,E,8347,Peksu,K,188
439,Akgündüz,E,8347,Peksu,K,189
440,Akgüner,E,8347,Peksu,K,190
441,Akgüneş,U,8347,Peksu,K,191
442,Akgüngör,U,8347,Peksu,K,192
443,Akhan,E,8347,Peksu,K,193
444,Akhanım,K,8347,Peksu,K,194
445,Akhun,E,8347,Peksu,K,195
446,Akı,E,8347,Peksu,K,196
447,Akıalp,E,8347,Peksu,K,197
448,Akıl,E,8347,Peksu,K,198
449,Akılbek,E,8347,Peksu,K,199
450,Akıllı,E,8347,Peksu,K,200
451,Akıman,E,8347,Peksu,K,201
452,Akın,E,8347,Peksu,K,202
453,Akınal,E,8347,Peksu,K,203
454,Akınalp,E,8347,Peksu,K,204
455,Akıncı,E,8347,Peksu,K,205
456,Akıncıbay,E,8347,Peksu,K,206
457,Akıner,E,8347,Peksu,K,207
458,Akıneri,E,8347,Peksu,K,208
459,Akıntan,E,8347,Peksu,K,209
460,Akibe,K,8347,Peksu,K,210
461,Akide,K,8347,Peksu,K,211
462,Akif,E,8347,Peksu,K,212
463,Akife,K,8347,Peksu,K,213
464,Akil,E,8347,Peksu,K,214
465,Akile,K,8347,Peksu,K,215
466,Akinci,K,8347,Peksu,K,216
467,Akip,E,8347,Peksu,K,217
468,Akipek,K,8347,Peksu,K,218
469,Akkadın,K,8347,Peksu,K,219
470,Akkan,E,8347,Peksu,K,220
471,Akkar,K,8347,Peksu,K,221
472,Akkaş,E,8347,Peksu,K,222
473,Akkaya,E,8347,Peksu,K,223
474,Akkaynak,E,8347,Peksu,K,224
475,Akkemik,E,8347,Peksu,K,225
476,Akkerman,E,8347,Peksu,K,226
477,Akkılıç,E,8347,Peksu,K,227
478,Akkın,E,8347,Peksu,K,228
479,Akkız,K,8347,Peksu,K,229
480,Akkor,K,8347,Peksu,K,230
481,Akköz,E,8347,Peksu,K,231
482,Akkurt,E,8347,Peksu,K,232
483,Akkuş,E,8347,Peksu,K,233
484,Akkutlu,K,8347,Peksu,K,234
485,Akkuyaş,E,8347,Peksu,K,235
486,Aklan,E,8347,Peksu,K,236
487,Akmaç,E,8347,Peksu,K,237
488,Akman,E,8347,Peksu,K,238
489,Akmanalp,E,8347,Peksu,K,239
490,Akmaner,E,8347,Peksu,K,240
491,Akmaral,K,8347,Peksu,K,241
492,Akmeriç,E,8347,Peksu,K,242
493,Aknur,K,8347,Peksu,K,243
494,Akol,K,8347,Peksu,K,244
495,Akozan,E,8347,Peksu,K,245
496,Akönder,E,8347,Peksu,K,246
497,Akören,E,8347,Peksu,K,247
498,Aköz,E,8347,Peksu,K,248
499,Akpay,E,8347,Peksu,K,249
500,Akpınar,U,8347,Peksu,K,250
251,Adıyahşi,E,8348,Pekşen,K,251
252,Adıyaman,E,8348,Pekşen,K,252
253,Adil,E,8348,Pekşen,K,253
254,Adile,K,8348,Pekşen,K,254
255,Adilhan,E,8348,Pekşen,K,255
256,Adlan,E,8348,Pekşen,K,256
257,Adlı,E,8348,Pekşen,K,257
258,Adlığ,E,8348,Pekşen,K,258
259,Adli,E,8348,Pekşen,K,259
260,Adnan,E,8348,Pekşen,K,260
261,Adni,E,8348,Pekşen,K,261
262,Adniye,K,8348,Pekşen,K,262
263,Adsız,E,8348,Pekşen,K,263
264,Adsoy,E,8348,Pekşen,K,264
265,Adviye,K,8348,Pekşen,K,265
266,Afacan,E,8348,Pekşen,K,266
267,Afak,U,8348,Pekşen,K,267
268,Afer,E,8348,Pekşen,K,268
269,Afet,K,8348,Pekşen,K,269
270,Affan,U,8348,Pekşen,K,270
271,Afi,K,8348,Pekşen,K,271
272,Afif,E,8348,Pekşen,K,272
273,Afife,K,8348,Pekşen,K,273
274,Afitap,K,8348,Pekşen,K,274
275,Afiye,K,8348,Pekşen,K,275
276,Afiyet,K,8348,Pekşen,K,276
277,Afra,K,8348,Pekşen,K,277
278,Afşar,E,8348,Pekşen,K,278
279,Afşin,E,8348,Pekşen,K,279
280,Agâh,E,8348,Pekşen,K,280
281,Agil,E,8348,Pekşen,K,281
282,Aguş,K,8348,Pekşen,K,282
283,Ağa,E,8348,Pekşen,K,283
284,Ağacan,E,8348,Pekşen,K,284
285,Ağahan,E,8348,Pekşen,K,285
286,Ağahanım,K,8348,Pekşen,K,286
287,Ağahatun,K,8348,Pekşen,K,287
288,Ağakan,E,8348,Pekşen,K,288
289,Ağakatun,K,8348,Pekşen,K,289
290,Ağan,U,8348,Pekşen,K,290
291,Ağanbegim,K,8348,Pekşen,K,291
292,Ağanbegüm,K,8348,Pekşen,K,292
293,Ağanbike,K,8348,Pekşen,K,293
294,Ağanbüke,K,8348,Pekşen,K,294
295,Ağaner,E,8348,Pekşen,K,295
296,Ağaoğlu,E,8348,Pekşen,K,296
297,Ağar,E,8348,Pekşen,K,297
298,Ağarantan,E,8348,Pekşen,K,298
299,Ağaverdi,E,8348,Pekşen,K,299
300,Ağbacı,K,8348,Pekşen,K,300
301,Ağbegim,K,8348,Pekşen,K,301
302,Ağbegüm,K,8348,Pekşen,K,302
303,Ağbet,K,8348,Pekşen,K,303
304,Ağbilek,K,8348,Pekşen,K,304
305,Ağca,U,8348,Pekşen,K,305
306,Ağça,K,8348,Pekşen,K,306
307,Ağçelik,E,8348,Pekşen,K,307
308,Ağer,E,8348,Pekşen,K,308
309,Ağgül,K,8348,Pekşen,K,309
310,Ağın,E,8348,Pekşen,K,310
311,Ağırtaş,E,8348,Pekşen,K,311
312,Ağış,U,8348,Pekşen,K,312
313,Ağkız,K,8348,Pekşen,K,313
314,Ağnak,E,8348,Pekşen,K,314
315,Ağyar,E,8348,Pekşen,K,315
316,Ahen,E,8348,Pekşen,K,316
317,Ahenk,K,8348,Pekşen,K,317
318,Ahfeş,E,8348,Pekşen,K,318
319,Ahıska,E,8348,Pekşen,K,319
320,Ahi,E,8348,Pekşen,K,320
321,Ahmet,E,8348,Pekşen,K,321
322,Ahsen,U,8348,Pekşen,K,322
323,Ahter,U,8348,Pekşen,K,323
324,Ahu,K,8348,Pekşen,K,324
325,Aişe,K,8348,Pekşen,K,325
326,Ajda,K,8348,Pekşen,K,326
327,Ajlan,E,8348,Pekşen,K,327
328,Ak,K,8348,Pekşen,K,328
329,Aka,E,8348,Pekşen,K,329
330,Akad,E,8348,Pekşen,K,330
331,Akadlı,E,8348,Pekşen,K,331
332,Akağan,E,8348,Pekşen,K,332
333,Akal,E,8348,Pekşen,K,333
334,Akalan,E,8348,Pekşen,K,334
335,Akalın,U,8348,Pekşen,K,335
336,Akalp,E,8348,Pekşen,K,336
337,Akaltan,E,8348,Pekşen,K,337
338,Akan,E,8348,Pekşen,K,338
339,Akanay,U,8348,Pekşen,K,339
340,Akaner,E,8348,Pekşen,K,340
341,Akansu,E,8348,Pekşen,K,341
342,Akant,E,8348,Pekşen,K,342
343,Akanyıldız,E,8348,Pekşen,K,343
344,Akarca,E,8348,Pekşen,K,344
345,Akarçay,E,8348,Pekşen,K,345
346,Akarsel,E,8348,Pekşen,K,346
347,Akarsu,U,8348,Pekşen,K,347
348,Akartuna,E,8348,Pekşen,K,348
349,Akartürk,E,8348,Pekşen,K,349
350,Akasma,E,8348,Pekşen,K,350
351,Akasoy,E,8348,Pekşen,K,351
352,Akata,E,8348,Pekşen,K,352
353,Akatay,E,8348,Pekşen,K,353
354,Akay,U,8348,Pekşen,K,354
355,Akaydın,E,8348,Pekşen,K,355
356,Akbacı,K,8348,Pekşen,K,356
357,Akbal,U,8348,Pekşen,K,357
358,Akbaran,E,8348,Pekşen,K,358
359,Akbaş,E,8348,Pekşen,K,359
360,Akbaşak,U,8348,Pekşen,K,360
361,Akbatu,E,8348,Pekşen,K,361
362,Akbatur,E,8348,Pekşen,K,362
363,Akbay,E,8348,Pekşen,K,363
364,Akbayar,E,8348,Pekşen,K,364
365,Akbek,E,8348,Pekşen,K,365
366,Akbel,E,8348,Pekşen,K,366
367,Akbet,E,8348,Pekşen,K,367
368,Akbey,E,8348,Pekşen,K,368
369,Akbil,E,8348,Pekşen,K,369
370,Akbilge,E,8348,Pekşen,K,370
371,Akboğa,E,8348,Pekşen,K,371
372,Akbora,E,8348,Pekşen,K,372
373,Akboy,E,8348,Pekşen,K,373
374,Akbörü,E,8348,Pekşen,K,374
375,Akbudun,E,8348,Pekşen,K,375
376,Akbuğ,E,8348,Pekşen,K,376
377,Akbulut,E,8348,Pekşen,K,377
378,Akburak,E,8348,Pekşen,K,378
379,Akburç,E,8348,Pekşen,K,379
380,Akburçak,E,8348,Pekşen,K,380
381,Akcan,U,8348,Pekşen,K,381
382,Akcebe,E,8348,Pekşen,K,382
383,Akcivan,E,8348,Pekşen,K,383
384,Akça,U,8348,Pekşen,K,384
385,Akçael,E,8348,Pekşen,K,385
386,Akçagül,K,8348,Pekşen,K,386
387,Akçakan,E,8348,Pekşen,K,387
388,Akçakaya,E,8348,Pekşen,K,388
389,Akçakıl,E,8348,Pekşen,K,389
390,Akçakoca,E,8348,Pekşen,K,390
391,Akçal,E,8348,Pekşen,K,391
392,Akçalı,E,8348,Pekşen,K,392
393,Akçam,E,8348,Pekşen,K,393
394,Akçan,E,8348,Pekşen,K,394
395,Akçasu,U,8348,Pekşen,K,395
396,Akçay,E,8348,Pekşen,K,396
397,Akçer,E,8348,Pekşen,K,397
398,Akçığır,E,8348,Pekşen,K,398
399,Akçıl,U,8348,Pekşen,K,399
400,Akçınar,E,8348,Pekşen,K,400
401,Akçiçek,K,8348,Pekşen,K,401
402,Akçit,E,8348,Pekşen,K,402
403,Akçora,E,8348,Pekşen,K,403
404,Akdağ,E,8348,Pekşen,K,404
405,Akdal,E,8348,Pekşen,K,405
406,Akdamar,E,8348,Pekşen,K,406
407,Akdemir,E,8348,Pekşen,K,407
408,Akdeniz,E,8348,Pekşen,K,408
409,Akdes,U,8348,Pekşen,K,409
410,Akdik,E,8348,Pekşen,K,410
411,Akdiken,E,8348,Pekşen,K,411
412,Akdil,E,8348,Pekşen,K,412
413,Akdoğ,E,8348,Pekşen,K,413
414,Akdoğan,E,8348,Pekşen,K,414
415,Akdoğdu,E,8348,Pekşen,K,415
416,Akdoğmuş,E,8348,Pekşen,K,416
417,Akdoğu,E,8348,Pekşen,K,417
418,Akdolun,K,8348,Pekşen,K,418
419,Akdora,E,8348,Pekşen,K,419
420,Akdoru,E,8348,Pekşen,K,420
421,Akdoruk,E,8348,Pekşen,K,421
422,Akdöl,E,8348,Pekşen,K,422
423,Akduman,E,8348,Pekşen,K,423
424,Akdur,E,8348,Pekşen,K,424
425,Akdurmuş,E,8348,Pekşen,K,425
426,Akel,U,8348,Pekşen,K,426
427,Aker,E,8348,Pekşen,K,427
428,Akergin,E,8348,Pekşen,K,428
429,Akerman,E,8348,Pekşen,K,429
430,Akersan,E,8348,Pekşen,K,430
431,Akersoy,E,8348,Pekşen,K,431
432,Akgil,E,8348,Pekşen,K,432
433,Akgiray,E,8348,Pekşen,K,433
434,Akgöl,E,8348,Pekşen,K,434
435,Akgöze,E,8348,Pekşen,K,435
436,Akgüç,E,8348,Pekşen,K,436
437,Akgül,K,8348,Pekşen,K,437
438,Akgün,E,8348,Pekşen,K,438
439,Akgündüz,E,8348,Pekşen,K,439
440,Akgüner,E,8348,Pekşen,K,440
441,Akgüneş,U,8348,Pekşen,K,441
442,Akgüngör,U,8348,Pekşen,K,442
443,Akhan,E,8348,Pekşen,K,443
444,Akhanım,K,8348,Pekşen,K,444
445,Akhun,E,8348,Pekşen,K,445
446,Akı,E,8348,Pekşen,K,446
447,Akıalp,E,8348,Pekşen,K,447
448,Akıl,E,8348,Pekşen,K,448
449,Akılbek,E,8348,Pekşen,K,449
450,Akıllı,E,8348,Pekşen,K,450
451,Akıman,E,8348,Pekşen,K,451
452,Akın,E,8348,Pekşen,K,452
453,Akınal,E,8348,Pekşen,K,453
454,Akınalp,E,8348,Pekşen,K,454
455,Akıncı,E,8348,Pekşen,K,455
456,Akıncıbay,E,8348,Pekşen,K,456
457,Akıner,E,8348,Pekşen,K,457
458,Akıneri,E,8348,Pekşen,K,458
459,Akıntan,E,8348,Pekşen,K,459
460,Akibe,K,8348,Pekşen,K,460
461,Akide,K,8348,Pekşen,K,461
462,Akif,E,8348,Pekşen,K,462
463,Akife,K,8348,Pekşen,K,463
464,Akil,E,8348,Pekşen,K,464
465,Akile,K,8348,Pekşen,K,465
466,Akinci,K,8348,Pekşen,K,466
467,Akip,E,8348,Pekşen,K,467
468,Akipek,K,8348,Pekşen,K,468
469,Akkadın,K,8348,Pekşen,K,469
470,Akkan,E,8348,Pekşen,K,470
471,Akkar,K,8348,Pekşen,K,471
472,Akkaş,E,8348,Pekşen,K,472
473,Akkaya,E,8348,Pekşen,K,473
474,Akkaynak,E,8348,Pekşen,K,474
475,Akkemik,E,8348,Pekşen,K,475
476,Akkerman,E,8348,Pekşen,K,476
477,Akkılıç,E,8348,Pekşen,K,477
478,Akkın,E,8348,Pekşen,K,478
479,Akkız,K,8348,Pekşen,K,479
480,Akkor,K,8348,Pekşen,K,480
481,Akköz,E,8348,Pekşen,K,481
482,Akkurt,E,8348,Pekşen,K,482
483,Akkuş,E,8348,Pekşen,K,483
484,Akkutlu,K,8348,Pekşen,K,484
485,Akkuyaş,E,8348,Pekşen,K,485
486,Aklan,E,8348,Pekşen,K,486
487,Akmaç,E,8348,Pekşen,K,487
488,Akman,E,8348,Pekşen,K,488
489,Akmanalp,E,8348,Pekşen,K,489
490,Akmaner,E,8348,Pekşen,K,490
491,Akmaral,K,8348,Pekşen,K,491
492,Akmeriç,E,8348,Pekşen,K,492
493,Aknur,K,8348,Pekşen,K,493
494,Akol,K,8348,Pekşen,K,494
495,Akozan,E,8348,Pekşen,K,495
496,Akönder,E,8348,Pekşen,K,496
497,Akören,E,8348,Pekşen,K,497
498,Aköz,E,8348,Pekşen,K,498
499,Akpay,E,8348,Pekşen,K,499
500,Akpınar,U,8348,Pekşen,K,500
251,Adıyahşi,E,8349,Pelin,K,501
252,Adıyaman,E,8349,Pelin,K,502
253,Adil,E,8349,Pelin,K,503
254,Adile,K,8349,Pelin,K,504
255,Adilhan,E,8349,Pelin,K,505
256,Adlan,E,8349,Pelin,K,506
257,Adlı,E,8349,Pelin,K,507
258,Adlığ,E,8349,Pelin,K,508
259,Adli,E,8349,Pelin,K,509
260,Adnan,E,8349,Pelin,K,510
261,Adni,E,8349,Pelin,K,511
262,Adniye,K,8349,Pelin,K,512
263,Adsız,E,8349,Pelin,K,513
264,Adsoy,E,8349,Pelin,K,514
265,Adviye,K,8349,Pelin,K,515
266,Afacan,E,8349,Pelin,K,516
267,Afak,U,8349,Pelin,K,517
268,Afer,E,8349,Pelin,K,518
269,Afet,K,8349,Pelin,K,519
270,Affan,U,8349,Pelin,K,520
271,Afi,K,8349,Pelin,K,521
272,Afif,E,8349,Pelin,K,522
273,Afife,K,8349,Pelin,K,523
274,Afitap,K,8349,Pelin,K,524
275,Afiye,K,8349,Pelin,K,525
276,Afiyet,K,8349,Pelin,K,526
277,Afra,K,8349,Pelin,K,527
278,Afşar,E,8349,Pelin,K,528
279,Afşin,E,8349,Pelin,K,529
280,Agâh,E,8349,Pelin,K,530
281,Agil,E,8349,Pelin,K,531
282,Aguş,K,8349,Pelin,K,532
283,Ağa,E,8349,Pelin,K,533
284,Ağacan,E,8349,Pelin,K,534
285,Ağahan,E,8349,Pelin,K,535
286,Ağahanım,K,8349,Pelin,K,536
287,Ağahatun,K,8349,Pelin,K,537
288,Ağakan,E,8349,Pelin,K,538
289,Ağakatun,K,8349,Pelin,K,539
290,Ağan,U,8349,Pelin,K,540
291,Ağanbegim,K,8349,Pelin,K,541
292,Ağanbegüm,K,8349,Pelin,K,542
293,Ağanbike,K,8349,Pelin,K,543
294,Ağanbüke,K,8349,Pelin,K,544
295,Ağaner,E,8349,Pelin,K,545
296,Ağaoğlu,E,8349,Pelin,K,546
297,Ağar,E,8349,Pelin,K,547
298,Ağarantan,E,8349,Pelin,K,548
299,Ağaverdi,E,8349,Pelin,K,549
300,Ağbacı,K,8349,Pelin,K,550
301,Ağbegim,K,8349,Pelin,K,551
302,Ağbegüm,K,8349,Pelin,K,552
303,Ağbet,K,8349,Pelin,K,553
304,Ağbilek,K,8349,Pelin,K,554
305,Ağca,U,8349,Pelin,K,555
306,Ağça,K,8349,Pelin,K,556
307,Ağçelik,E,8349,Pelin,K,557
308,Ağer,E,8349,Pelin,K,558
309,Ağgül,K,8349,Pelin,K,559
310,Ağın,E,8349,Pelin,K,560
311,Ağırtaş,E,8349,Pelin,K,561
312,Ağış,U,8349,Pelin,K,562
313,Ağkız,K,8349,Pelin,K,563
314,Ağnak,E,8349,Pelin,K,564
315,Ağyar,E,8349,Pelin,K,565
316,Ahen,E,8349,Pelin,K,566
317,Ahenk,K,8349,Pelin,K,567
318,Ahfeş,E,8349,Pelin,K,568
319,Ahıska,E,8349,Pelin,K,569
320,Ahi,E,8349,Pelin,K,570
321,Ahmet,E,8349,Pelin,K,571
322,Ahsen,U,8349,Pelin,K,572
323,Ahter,U,8349,Pelin,K,573
324,Ahu,K,8349,Pelin,K,574
325,Aişe,K,8349,Pelin,K,575
326,Ajda,K,8349,Pelin,K,576
327,Ajlan,E,8349,Pelin,K,577
328,Ak,K,8349,Pelin,K,578
329,Aka,E,8349,Pelin,K,579
330,Akad,E,8349,Pelin,K,580
331,Akadlı,E,8349,Pelin,K,581
332,Akağan,E,8349,Pelin,K,582
333,Akal,E,8349,Pelin,K,583
334,Akalan,E,8349,Pelin,K,584
335,Akalın,U,8349,Pelin,K,585
336,Akalp,E,8349,Pelin,K,586
337,Akaltan,E,8349,Pelin,K,587
338,Akan,E,8349,Pelin,K,588
339,Akanay,U,8349,Pelin,K,589
340,Akaner,E,8349,Pelin,K,590
341,Akansu,E,8349,Pelin,K,591
342,Akant,E,8349,Pelin,K,592
343,Akanyıldız,E,8349,Pelin,K,593
344,Akarca,E,8349,Pelin,K,594
345,Akarçay,E,8349,Pelin,K,595
346,Akarsel,E,8349,Pelin,K,596
347,Akarsu,U,8349,Pelin,K,597
348,Akartuna,E,8349,Pelin,K,598
349,Akartürk,E,8349,Pelin,K,599
350,Akasma,E,8349,Pelin,K,600
351,Akasoy,E,8349,Pelin,K,601
352,Akata,E,8349,Pelin,K,602
353,Akatay,E,8349,Pelin,K,603
354,Akay,U,8349,Pelin,K,604
355,Akaydın,E,8349,Pelin,K,605
356,Akbacı,K,8349,Pelin,K,606
357,Akbal,U,8349,Pelin,K,607
358,Akbaran,E,8349,Pelin,K,608
359,Akbaş,E,8349,Pelin,K,609
360,Akbaşak,U,8349,Pelin,K,610
361,Akbatu,E,8349,Pelin,K,611
362,Akbatur,E,8349,Pelin,K,612
363,Akbay,E,8349,Pelin,K,613
364,Akbayar,E,8349,Pelin,K,614
365,Akbek,E,8349,Pelin,K,615
366,Akbel,E,8349,Pelin,K,616
367,Akbet,E,8349,Pelin,K,617
368,Akbey,E,8349,Pelin,K,618
369,Akbil,E,8349,Pelin,K,619
370,Akbilge,E,8349,Pelin,K,620
371,Akboğa,E,8349,Pelin,K,621
372,Akbora,E,8349,Pelin,K,622
373,Akboy,E,8349,Pelin,K,623
374,Akbörü,E,8349,Pelin,K,624
375,Akbudun,E,8349,Pelin,K,625
376,Akbuğ,E,8349,Pelin,K,626
377,Akbulut,E,8349,Pelin,K,627
378,Akburak,E,8349,Pelin,K,628
379,Akburç,E,8349,Pelin,K,629
380,Akburçak,E,8349,Pelin,K,630
381,Akcan,U,8349,Pelin,K,631
382,Akcebe,E,8349,Pelin,K,632
383,Akcivan,E,8349,Pelin,K,633
384,Akça,U,8349,Pelin,K,634
385,Akçael,E,8349,Pelin,K,635
386,Akçagül,K,8349,Pelin,K,636
387,Akçakan,E,8349,Pelin,K,637
388,Akçakaya,E,8349,Pelin,K,638
389,Akçakıl,E,8349,Pelin,K,639
390,Akçakoca,E,8349,Pelin,K,640
391,Akçal,E,8349,Pelin,K,641
392,Akçalı,E,8349,Pelin,K,642
393,Akçam,E,8349,Pelin,K,643
394,Akçan,E,8349,Pelin,K,644
395,Akçasu,U,8349,Pelin,K,645
396,Akçay,E,8349,Pelin,K,646
397,Akçer,E,8349,Pelin,K,647
398,Akçığır,E,8349,Pelin,K,648
399,Akçıl,U,8349,Pelin,K,649
400,Akçınar,E,8349,Pelin,K,650
401,Akçiçek,K,8349,Pelin,K,651
402,Akçit,E,8349,Pelin,K,652
403,Akçora,E,8349,Pelin,K,653
404,Akdağ,E,8349,Pelin,K,654
405,Akdal,E,8349,Pelin,K,655
406,Akdamar,E,8349,Pelin,K,656
407,Akdemir,E,8349,Pelin,K,657
408,Akdeniz,E,8349,Pelin,K,658
409,Akdes,U,8349,Pelin,K,659
410,Akdik,E,8349,Pelin,K,660
411,Akdiken,E,8349,Pelin,K,661
412,Akdil,E,8349,Pelin,K,662
413,Akdoğ,E,8349,Pelin,K,663
414,Akdoğan,E,8349,Pelin,K,664
415,Akdoğdu,E,8349,Pelin,K,665
416,Akdoğmuş,E,8349,Pelin,K,666
417,Akdoğu,E,8349,Pelin,K,667
418,Akdolun,K,8349,Pelin,K,668
419,Akdora,E,8349,Pelin,K,669
420,Akdoru,E,8349,Pelin,K,670
421,Akdoruk,E,8349,Pelin,K,671
422,Akdöl,E,8349,Pelin,K,672
423,Akduman,E,8349,Pelin,K,673
424,Akdur,E,8349,Pelin,K,674
425,Akdurmuş,E,8349,Pelin,K,675
426,Akel,U,8349,Pelin,K,676
427,Aker,E,8349,Pelin,K,677
428,Akergin,E,8349,Pelin,K,678
429,Akerman,E,8349,Pelin,K,679
430,Akersan,E,8349,Pelin,K,680
431,Akersoy,E,8349,Pelin,K,681
432,Akgil,E,8349,Pelin,K,682
433,Akgiray,E,8349,Pelin,K,683
434,Akgöl,E,8349,Pelin,K,684
435,Akgöze,E,8349,Pelin,K,685
436,Akgüç,E,8349,Pelin,K,686
437,Akgül,K,8349,Pelin,K,687
438,Akgün,E,8349,Pelin,K,688
439,Akgündüz,E,8349,Pelin,K,689
440,Akgüner,E,8349,Pelin,K,690
441,Akgüneş,U,8349,Pelin,K,691
442,Akgüngör,U,8349,Pelin,K,692
443,Akhan,E,8349,Pelin,K,693
444,Akhanım,K,8349,Pelin,K,694
445,Akhun,E,8349,Pelin,K,695
446,Akı,E,8349,Pelin,K,696
447,Akıalp,E,8349,Pelin,K,697
448,Akıl,E,8349,Pelin,K,698
449,Akılbek,E,8349,Pelin,K,699
450,Akıllı,E,8349,Pelin,K,700
451,Akıman,E,8349,Pelin,K,701
452,Akın,E,8349,Pelin,K,702
453,Akınal,E,8349,Pelin,K,703
454,Akınalp,E,8349,Pelin,K,704
455,Akıncı,E,8349,Pelin,K,705
456,Akıncıbay,E,8349,Pelin,K,706
457,Akıner,E,8349,Pelin,K,707
458,Akıneri,E,8349,Pelin,K,708
459,Akıntan,E,8349,Pelin,K,709
460,Akibe,K,8349,Pelin,K,710
461,Akide,K,8349,Pelin,K,711
462,Akif,E,8349,Pelin,K,712
463,Akife,K,8349,Pelin,K,713
464,Akil,E,8349,Pelin,K,714
465,Akile,K,8349,Pelin,K,715
466,Akinci,K,8349,Pelin,K,716
467,Akip,E,8349,Pelin,K,717
468,Akipek,K,8349,Pelin,K,718
469,Akkadın,K,8349,Pelin,K,719
470,Akkan,E,8349,Pelin,K,720
471,Akkar,K,8349,Pelin,K,721
472,Akkaş,E,8349,Pelin,K,722
473,Akkaya,E,8349,Pelin,K,723
474,Akkaynak,E,8349,Pelin,K,724
475,Akkemik,E,8349,Pelin,K,725
476,Akkerman,E,8349,Pelin,K,726
477,Akkılıç,E,8349,Pelin,K,727
478,Akkın,E,8349,Pelin,K,728
479,Akkız,K,8349,Pelin,K,729
480,Akkor,K,8349,Pelin,K,730
481,Akköz,E,8349,Pelin,K,731
482,Akkurt,E,8349,Pelin,K,732
483,Akkuş,E,8349,Pelin,K,733
484,Akkutlu,K,8349,Pelin,K,734
485,Akkuyaş,E,8349,Pelin,K,735
486,Aklan,E,8349,Pelin,K,736
487,Akmaç,E,8349,Pelin,K,737
488,Akman,E,8349,Pelin,K,738
489,Akmanalp,E,8349,Pelin,K,739
490,Akmaner,E,8349,Pelin,K,740
491,Akmaral,K,8349,Pelin,K,741
492,Akmeriç,E,8349,Pelin,K,742
493,Aknur,K,8349,Pelin,K,743
494,Akol,K,8349,Pelin,K,744
495,Akozan,E,8349,Pelin,K,745
496,Akönder,E,8349,Pelin,K,746
497,Akören,E,8349,Pelin,K,747
498,Aköz,E,8349,Pelin,K,748
499,Akpay,E,8349,Pelin,K,749
500,Akpınar,U,8349,Pelin,K,750
251,Adıyahşi,E,8350,Pelit,K,751
252,Adıyaman,E,8350,Pelit,K,752
253,Adil,E,8350,Pelit,K,753
254,Adile,K,8350,Pelit,K,754
255,Adilhan,E,8350,Pelit,K,755
256,Adlan,E,8350,Pelit,K,756
257,Adlı,E,8350,Pelit,K,757
258,Adlığ,E,8350,Pelit,K,758
259,Adli,E,8350,Pelit,K,759
260,Adnan,E,8350,Pelit,K,760
261,Adni,E,8350,Pelit,K,761
262,Adniye,K,8350,Pelit,K,762
263,Adsız,E,8350,Pelit,K,763
264,Adsoy,E,8350,Pelit,K,764
265,Adviye,K,8350,Pelit,K,765
266,Afacan,E,8350,Pelit,K,766
267,Afak,U,8350,Pelit,K,767
268,Afer,E,8350,Pelit,K,768
269,Afet,K,8350,Pelit,K,769
270,Affan,U,8350,Pelit,K,770
271,Afi,K,8350,Pelit,K,771
272,Afif,E,8350,Pelit,K,772
273,Afife,K,8350,Pelit,K,773
274,Afitap,K,8350,Pelit,K,774
275,Afiye,K,8350,Pelit,K,775
276,Afiyet,K,8350,Pelit,K,776
277,Afra,K,8350,Pelit,K,777
278,Afşar,E,8350,Pelit,K,778
279,Afşin,E,8350,Pelit,K,779
280,Agâh,E,8350,Pelit,K,780
281,Agil,E,8350,Pelit,K,781
282,Aguş,K,8350,Pelit,K,782
283,Ağa,E,8350,Pelit,K,783
284,Ağacan,E,8350,Pelit,K,784
285,Ağahan,E,8350,Pelit,K,785
286,Ağahanım,K,8350,Pelit,K,786
287,Ağahatun,K,8350,Pelit,K,787
288,Ağakan,E,8350,Pelit,K,788
289,Ağakatun,K,8350,Pelit,K,789
290,Ağan,U,8350,Pelit,K,790
291,Ağanbegim,K,8350,Pelit,K,791
292,Ağanbegüm,K,8350,Pelit,K,792
293,Ağanbike,K,8350,Pelit,K,793
294,Ağanbüke,K,8350,Pelit,K,794
295,Ağaner,E,8350,Pelit,K,795
296,Ağaoğlu,E,8350,Pelit,K,796
297,Ağar,E,8350,Pelit,K,797
298,Ağarantan,E,8350,Pelit,K,798
299,Ağaverdi,E,8350,Pelit,K,799
300,Ağbacı,K,8350,Pelit,K,800
301,Ağbegim,K,8350,Pelit,K,801
302,Ağbegüm,K,8350,Pelit,K,802
303,Ağbet,K,8350,Pelit,K,803
304,Ağbilek,K,8350,Pelit,K,804
305,Ağca,U,8350,Pelit,K,805
306,Ağça,K,8350,Pelit,K,806
307,Ağçelik,E,8350,Pelit,K,807
308,Ağer,E,8350,Pelit,K,808
309,Ağgül,K,8350,Pelit,K,809
310,Ağın,E,8350,Pelit,K,810
311,Ağırtaş,E,8350,Pelit,K,811
312,Ağış,U,8350,Pelit,K,812
313,Ağkız,K,8350,Pelit,K,813
314,Ağnak,E,8350,Pelit,K,814
315,Ağyar,E,8350,Pelit,K,815
316,Ahen,E,8350,Pelit,K,816
317,Ahenk,K,8350,Pelit,K,817
318,Ahfeş,E,8350,Pelit,K,818
319,Ahıska,E,8350,Pelit,K,819
320,Ahi,E,8350,Pelit,K,820
321,Ahmet,E,8350,Pelit,K,821
322,Ahsen,U,8350,Pelit,K,822
323,Ahter,U,8350,Pelit,K,823
324,Ahu,K,8350,Pelit,K,824
325,Aişe,K,8350,Pelit,K,825
326,Ajda,K,8350,Pelit,K,826
327,Ajlan,E,8350,Pelit,K,827
328,Ak,K,8350,Pelit,K,828
329,Aka,E,8350,Pelit,K,829
330,Akad,E,8350,Pelit,K,830
331,Akadlı,E,8350,Pelit,K,831
332,Akağan,E,8350,Pelit,K,832
333,Akal,E,8350,Pelit,K,833
334,Akalan,E,8350,Pelit,K,834
335,Akalın,U,8350,Pelit,K,835
336,Akalp,E,8350,Pelit,K,836
337,Akaltan,E,8350,Pelit,K,837
338,Akan,E,8350,Pelit,K,838
339,Akanay,U,8350,Pelit,K,839
340,Akaner,E,8350,Pelit,K,840
341,Akansu,E,8350,Pelit,K,841
342,Akant,E,8350,Pelit,K,842
343,Akanyıldız,E,8350,Pelit,K,843
344,Akarca,E,8350,Pelit,K,844
345,Akarçay,E,8350,Pelit,K,845
346,Akarsel,E,8350,Pelit,K,846
347,Akarsu,U,8350,Pelit,K,847
348,Akartuna,E,8350,Pelit,K,848
349,Akartürk,E,8350,Pelit,K,849
350,Akasma,E,8350,Pelit,K,850
351,Akasoy,E,8350,Pelit,K,851
352,Akata,E,8350,Pelit,K,852
353,Akatay,E,8350,Pelit,K,853
354,Akay,U,8350,Pelit,K,854
355,Akaydın,E,8350,Pelit,K,855
356,Akbacı,K,8350,Pelit,K,856
357,Akbal,U,8350,Pelit,K,857
358,Akbaran,E,8350,Pelit,K,858
359,Akbaş,E,8350,Pelit,K,859
360,Akbaşak,U,8350,Pelit,K,860
361,Akbatu,E,8350,Pelit,K,861
362,Akbatur,E,8350,Pelit,K,862
363,Akbay,E,8350,Pelit,K,863
364,Akbayar,E,8350,Pelit,K,864
365,Akbek,E,8350,Pelit,K,865
366,Akbel,E,8350,Pelit,K,866
367,Akbet,E,8350,Pelit,K,867
368,Akbey,E,8350,Pelit,K,868
369,Akbil,E,8350,Pelit,K,869
370,Akbilge,E,8350,Pelit,K,870
371,Akboğa,E,8350,Pelit,K,871
372,Akbora,E,8350,Pelit,K,872
373,Akboy,E,8350,Pelit,K,873
374,Akbörü,E,8350,Pelit,K,874
375,Akbudun,E,8350,Pelit,K,875
376,Akbuğ,E,8350,Pelit,K,876
377,Akbulut,E,8350,Pelit,K,877
378,Akburak,E,8350,Pelit,K,878
379,Akburç,E,8350,Pelit,K,879
380,Akburçak,E,8350,Pelit,K,880
381,Akcan,U,8350,Pelit,K,881
382,Akcebe,E,8350,Pelit,K,882
383,Akcivan,E,8350,Pelit,K,883
384,Akça,U,8350,Pelit,K,884
385,Akçael,E,8350,Pelit,K,885
386,Akçagül,K,8350,Pelit,K,886
387,Akçakan,E,8350,Pelit,K,887
388,Akçakaya,E,8350,Pelit,K,888
389,Akçakıl,E,8350,Pelit,K,889
390,Akçakoca,E,8350,Pelit,K,890
391,Akçal,E,8350,Pelit,K,891
392,Akçalı,E,8350,Pelit,K,892
393,Akçam,E,8350,Pelit,K,893
394,Akçan,E,8350,Pelit,K,894
395,Akçasu,U,8350,Pelit,K,895
396,Akçay,E,8350,Pelit,K,896
397,Akçer,E,8350,Pelit,K,897
398,Akçığır,E,8350,Pelit,K,898
399,Akçıl,U,8350,Pelit,K,899
400,Akçınar,E,8350,Pelit,K,900
401,Akçiçek,K,8350,Pelit,K,901
402,Akçit,E,8350,Pelit,K,902
403,Akçora,E,8350,Pelit,K,903
404,Akdağ,E,8350,Pelit,K,904
405,Akdal,E,8350,Pelit,K,905
406,Akdamar,E,8350,Pelit,K,906
407,Akdemir,E,8350,Pelit,K,907
408,Akdeniz,E,8350,Pelit,K,908
409,Akdes,U,8350,Pelit,K,909
410,Akdik,E,8350,Pelit,K,910
411,Akdiken,E,8350,Pelit,K,911
412,Akdil,E,8350,Pelit,K,912
413,Akdoğ,E,8350,Pelit,K,913
414,Akdoğan,E,8350,Pelit,K,914
415,Akdoğdu,E,8350,Pelit,K,915
416,Akdoğmuş,E,8350,Pelit,K,916
417,Akdoğu,E,8350,Pelit,K,917
418,Akdolun,K,8350,Pelit,K,918
419,Akdora,E,8350,Pelit,K,919
420,Akdoru,E,8350,Pelit,K,920
421,Akdoruk,E,8350,Pelit,K,921
422,Akdöl,E,8350,Pelit,K,922
423,Akduman,E,8350,Pelit,K,923
424,Akdur,E,8350,Pelit,K,924
425,Akdurmuş,E,8350,Pelit,K,925
426,Akel,U,8350,Pelit,K,926
427,Aker,E,8350,Pelit,K,927
428,Akergin,E,8350,Pelit,K,928
429,Akerman,E,8350,Pelit,K,929
430,Akersan,E,8350,Pelit,K,930
431,Akersoy,E,8350,Pelit,K,931
432,Akgil,E,8350,Pelit,K,932
433,Akgiray,E,8350,Pelit,K,933
434,Akgöl,E,8350,Pelit,K,934
435,Akgöze,E,8350,Pelit,K,935
436,Akgüç,E,8350,Pelit,K,936
437,Akgül,K,8350,Pelit,K,937
438,Akgün,E,8350,Pelit,K,938
439,Akgündüz,E,8350,Pelit,K,939
440,Akgüner,E,8350,Pelit,K,940
441,Akgüneş,U,8350,Pelit,K,941
442,Akgüngör,U,8350,Pelit,K,942
443,Akhan,E,8350,Pelit,K,943
444,Akhanım,K,8350,Pelit,K,944
445,Akhun,E,8350,Pelit,K,945
446,Akı,E,8350,Pelit,K,946
447,Akıalp,E,8350,Pelit,K,947
448,Akıl,E,8350,Pelit,K,948
449,Akılbek,E,8350,Pelit,K,949
450,Akıllı,E,8350,Pelit,K,950
451,Akıman,E,8350,Pelit,K,951
452,Akın,E,8350,Pelit,K,952
453,Akınal,E,8350,Pelit,K,953
454,Akınalp,E,8350,Pelit,K,954
455,Akıncı,E,8350,Pelit,K,955
456,Akıncıbay,E,8350,Pelit,K,956
457,Akıner,E,8350,Pelit,K,957
458,Akıneri,E,8350,Pelit,K,958
459,Akıntan,E,8350,Pelit,K,959
460,Akibe,K,8350,Pelit,K,960
461,Akide,K,8350,Pelit,K,961
462,Akif,E,8350,Pelit,K,962
463,Akife,K,8350,Pelit,K,963
464,Akil,E,8350,Pelit,K,964
465,Akile,K,8350,Pelit,K,965
466,Akinci,K,8350,Pelit,K,966
467,Akip,E,8350,Pelit,K,967
468,Akipek,K,8350,Pelit,K,968
469,Akkadın,K,8350,Pelit,K,969
470,Akkan,E,8350,Pelit,K,970
471,Akkar,K,8350,Pelit,K,971
472,Akkaş,E,8350,Pelit,K,972
473,Akkaya,E,8350,Pelit,K,973
474,Akkaynak,E,8350,Pelit,K,974
475,Akkemik,E,8350,Pelit,K,975
476,Akkerman,E,8350,Pelit,K,976
477,Akkılıç,E,8350,Pelit,K,977
478,Akkın,E,8350,Pelit,K,978
479,Akkız,K,8350,Pelit,K,979
480,Akkor,K,8350,Pelit,K,980
481,Akköz,E,8350,Pelit,K,981
482,Akkurt,E,8350,Pelit,K,982
483,Akkuş,E,8350,Pelit,K,983
484,Akkutlu,K,8350,Pelit,K,984
485,Akkuyaş,E,8350,Pelit,K,985
486,Aklan,E,8350,Pelit,K,986
487,Akmaç,E,8350,Pelit,K,987
488,Akman,E,8350,Pelit,K,988
489,Akmanalp,E,8350,Pelit,K,989
490,Akmaner,E,8350,Pelit,K,990
491,Akmaral,K,8350,Pelit,K,991
492,Akmeriç,E,8350,Pelit,K,992
493,Aknur,K,8350,Pelit,K,993
494,Akol,K,8350,Pelit,K,994
495,Akozan,E,8350,Pelit,K,995
496,Akönder,E,8350,Pelit,K,996
497,Akören,E,8350,Pelit,K,997
498,Aköz,E,8350,Pelit,K,998
499,Akpay,E,8350,Pelit,K,999
500,Akpınar,U,8350,Pelit,K,1000
251,Adıyahşi,E,8351,Peren,K,1001
252,Adıyaman,E,8351,Peren,K,1002
253,Adil,E,8351,Peren,K,1003
254,Adile,K,8351,Peren,K,1004
255,Adilhan,E,8351,Peren,K,1005
256,Adlan,E,8351,Peren,K,1006
257,Adlı,E,8351,Peren,K,1007
258,Adlığ,E,8351,Peren,K,1008
259,Adli,E,8351,Peren,K,1009
260,Adnan,E,8351,Peren,K,1010
261,Adni,E,8351,Peren,K,1011
262,Adniye,K,8351,Peren,K,1012
263,Adsız,E,8351,Peren,K,1013
264,Adsoy,E,8351,Peren,K,1014
265,Adviye,K,8351,Peren,K,1015
266,Afacan,E,8351,Peren,K,1016
267,Afak,U,8351,Peren,K,1017
268,Afer,E,8351,Peren,K,1018
269,Afet,K,8351,Peren,K,1019
270,Affan,U,8351,Peren,K,1020
271,Afi,K,8351,Peren,K,1021
272,Afif,E,8351,Peren,K,1022
273,Afife,K,8351,Peren,K,1023
274,Afitap,K,8351,Peren,K,1024
275,Afiye,K,8351,Peren,K,1025
276,Afiyet,K,8351,Peren,K,1026
277,Afra,K,8351,Peren,K,1027
278,Afşar,E,8351,Peren,K,1028
279,Afşin,E,8351,Peren,K,1029
280,Agâh,E,8351,Peren,K,1030
281,Agil,E,8351,Peren,K,1031
282,Aguş,K,8351,Peren,K,1032
283,Ağa,E,8351,Peren,K,1033
284,Ağacan,E,8351,Peren,K,1034
285,Ağahan,E,8351,Peren,K,1035
286,Ağahanım,K,8351,Peren,K,1036
287,Ağahatun,K,8351,Peren,K,1037
288,Ağakan,E,8351,Peren,K,1038
289,Ağakatun,K,8351,Peren,K,1039
290,Ağan,U,8351,Peren,K,1040
291,Ağanbegim,K,8351,Peren,K,1041
292,Ağanbegüm,K,8351,Peren,K,1042
293,Ağanbike,K,8351,Peren,K,1043
294,Ağanbüke,K,8351,Peren,K,1044
295,Ağaner,E,8351,Peren,K,1045
296,Ağaoğlu,E,8351,Peren,K,1046
297,Ağar,E,8351,Peren,K,1047
298,Ağarantan,E,8351,Peren,K,1048
299,Ağaverdi,E,8351,Peren,K,1049
300,Ağbacı,K,8351,Peren,K,1050
301,Ağbegim,K,8351,Peren,K,1051
302,Ağbegüm,K,8351,Peren,K,1052
303,Ağbet,K,8351,Peren,K,1053
304,Ağbilek,K,8351,Peren,K,1054
305,Ağca,U,8351,Peren,K,1055
306,Ağça,K,8351,Peren,K,1056
307,Ağçelik,E,8351,Peren,K,1057
308,Ağer,E,8351,Peren,K,1058
309,Ağgül,K,8351,Peren,K,1059
310,Ağın,E,8351,Peren,K,1060
311,Ağırtaş,E,8351,Peren,K,1061
312,Ağış,U,8351,Peren,K,1062
313,Ağkız,K,8351,Peren,K,1063
314,Ağnak,E,8351,Peren,K,1064
315,Ağyar,E,8351,Peren,K,1065
316,Ahen,E,8351,Peren,K,1066
317,Ahenk,K,8351,Peren,K,1067
318,Ahfeş,E,8351,Peren,K,1068
319,Ahıska,E,8351,Peren,K,1069
320,Ahi,E,8351,Peren,K,1070
321,Ahmet,E,8351,Peren,K,1071
322,Ahsen,U,8351,Peren,K,1072
323,Ahter,U,8351,Peren,K,1073
324,Ahu,K,8351,Peren,K,1074
325,Aişe,K,8351,Peren,K,1075
326,Ajda,K,8351,Peren,K,1076
327,Ajlan,E,8351,Peren,K,1077
328,Ak,K,8351,Peren,K,1078
329,Aka,E,8351,Peren,K,1079
330,Akad,E,8351,Peren,K,1080
331,Akadlı,E,8351,Peren,K,1081
332,Akağan,E,8351,Peren,K,1082
333,Akal,E,8351,Peren,K,1083
334,Akalan,E,8351,Peren,K,1084
335,Akalın,U,8351,Peren,K,1085
336,Akalp,E,8351,Peren,K,1086
337,Akaltan,E,8351,Peren,K,1087
338,Akan,E,8351,Peren,K,1088
339,Akanay,U,8351,Peren,K,1089
340,Akaner,E,8351,Peren,K,1090
341,Akansu,E,8351,Peren,K,1091
342,Akant,E,8351,Peren,K,1092
343,Akanyıldız,E,8351,Peren,K,1093
344,Akarca,E,8351,Peren,K,1094
345,Akarçay,E,8351,Peren,K,1095
346,Akarsel,E,8351,Peren,K,1096
347,Akarsu,U,8351,Peren,K,1097
348,Akartuna,E,8351,Peren,K,1098
349,Akartürk,E,8351,Peren,K,1099
350,Akasma,E,8351,Peren,K,1100
351,Akasoy,E,8351,Peren,K,1101
352,Akata,E,8351,Peren,K,1102
353,Akatay,E,8351,Peren,K,1103
354,Akay,U,8351,Peren,K,1104
355,Akaydın,E,8351,Peren,K,1105
356,Akbacı,K,8351,Peren,K,1106
357,Akbal,U,8351,Peren,K,1107
358,Akbaran,E,8351,Peren,K,1108
359,Akbaş,E,8351,Peren,K,1109
360,Akbaşak,U,8351,Peren,K,1110
361,Akbatu,E,8351,Peren,K,1111
362,Akbatur,E,8351,Peren,K,1112
363,Akbay,E,8351,Peren,K,1113
364,Akbayar,E,8351,Peren,K,1114
365,Akbek,E,8351,Peren,K,1115
366,Akbel,E,8351,Peren,K,1116
367,Akbet,E,8351,Peren,K,1117
368,Akbey,E,8351,Peren,K,1118
369,Akbil,E,8351,Peren,K,1119
370,Akbilge,E,8351,Peren,K,1120
371,Akboğa,E,8351,Peren,K,1121
372,Akbora,E,8351,Peren,K,1122
373,Akboy,E,8351,Peren,K,1123
374,Akbörü,E,8351,Peren,K,1124
375,Akbudun,E,8351,Peren,K,1125
376,Akbuğ,E,8351,Peren,K,1126
377,Akbulut,E,8351,Peren,K,1127
378,Akburak,E,8351,Peren,K,1128
379,Akburç,E,8351,Peren,K,1129
380,Akburçak,E,8351,Peren,K,1130
381,Akcan,U,8351,Peren,K,1131
382,Akcebe,E,8351,Peren,K,1132
383,Akcivan,E,8351,Peren,K,1133
384,Akça,U,8351,Peren,K,1134
385,Akçael,E,8351,Peren,K,1135
386,Akçagül,K,8351,Peren,K,1136
387,Akçakan,E,8351,Peren,K,1137
388,Akçakaya,E,8351,Peren,K,1138
389,Akçakıl,E,8351,Peren,K,1139
390,Akçakoca,E,8351,Peren,K,1140
391,Akçal,E,8351,Peren,K,1141
392,Akçalı,E,8351,Peren,K,1142
393,Akçam,E,8351,Peren,K,1143
394,Akçan,E,8351,Peren,K,1144
395,Akçasu,U,8351,Peren,K,1145
396,Akçay,E,8351,Peren,K,1146
397,Akçer,E,8351,Peren,K,1147
398,Akçığır,E,8351,Peren,K,1148
399,Akçıl,U,8351,Peren,K,1149
400,Akçınar,E,8351,Peren,K,1150
401,Akçiçek,K,8351,Peren,K,1151
402,Akçit,E,8351,Peren,K,1152
403,Akçora,E,8351,Peren,K,1153
404,Akdağ,E,8351,Peren,K,1154
405,Akdal,E,8351,Peren,K,1155
406,Akdamar,E,8351,Peren,K,1156
407,Akdemir,E,8351,Peren,K,1157
408,Akdeniz,E,8351,Peren,K,1158
409,Akdes,U,8351,Peren,K,1159
410,Akdik,E,8351,Peren,K,1160
411,Akdiken,E,8351,Peren,K,1161
412,Akdil,E,8351,Peren,K,1162
413,Akdoğ,E,8351,Peren,K,1163
414,Akdoğan,E,8351,Peren,K,1164
415,Akdoğdu,E,8351,Peren,K,1165
416,Akdoğmuş,E,8351,Peren,K,1166
417,Akdoğu,E,8351,Peren,K,1167
418,Akdolun,K,8351,Peren,K,1168
419,Akdora,E,8351,Peren,K,1169
420,Akdoru,E,8351,Peren,K,1170
421,Akdoruk,E,8351,Peren,K,1171
422,Akdöl,E,8351,Peren,K,1172
423,Akduman,E,8351,Peren,K,1173
424,Akdur,E,8351,Peren,K,1174
425,Akdurmuş,E,8351,Peren,K,1175
426,Akel,U,8351,Peren,K,1176
427,Aker,E,8351,Peren,K,1177
428,Akergin,E,8351,Peren,K,1178
429,Akerman,E,8351,Peren,K,1179
430,Akersan,E,8351,Peren,K,1180
431,Akersoy,E,8351,Peren,K,1181
432,Akgil,E,8351,Peren,K,1182
433,Akgiray,E,8351,Peren,K,1183
434,Akgöl,E,8351,Peren,K,1184
435,Akgöze,E,8351,Peren,K,1185
436,Akgüç,E,8351,Peren,K,1186
437,Akgül,K,8351,Peren,K,1187
438,Akgün,E,8351,Peren,K,1188
439,Akgündüz,E,8351,Peren,K,1189
440,Akgüner,E,8351,Peren,K,1190
441,Akgüneş,U,8351,Peren,K,1191
442,Akgüngör,U,8351,Peren,K,1192
443,Akhan,E,8351,Peren,K,1193
444,Akhanım,K,8351,Peren,K,1194
445,Akhun,E,8351,Peren,K,1195
446,Akı,E,8351,Peren,K,1196
447,Akıalp,E,8351,Peren,K,1197
448,Akıl,E,8351,Peren,K,1198
449,Akılbek,E,8351,Peren,K,1199
450,Akıllı,E,8351,Peren,K,1200
451,Akıman,E,8351,Peren,K,1201
452,Akın,E,8351,Peren,K,1202
453,Akınal,E,8351,Peren,K,1203
454,Akınalp,E,8351,Peren,K,1204
455,Akıncı,E,8351,Peren,K,1205
456,Akıncıbay,E,8351,Peren,K,1206
457,Akıner,E,8351,Peren,K,1207
458,Akıneri,E,8351,Peren,K,1208
459,Akıntan,E,8351,Peren,K,1209
460,Akibe,K,8351,Peren,K,1210
461,Akide,K,8351,Peren,K,1211
462,Akif,E,8351,Peren,K,1212
463,Akife,K,8351,Peren,K,1213
464,Akil,E,8351,Peren,K,1214
465,Akile,K,8351,Peren,K,1215
466,Akinci,K,8351,Peren,K,1216
467,Akip,E,8351,Peren,K,1217
468,Akipek,K,8351,Peren,K,1218
469,Akkadın,K,8351,Peren,K,1219
470,Akkan,E,8351,Peren,K,1220
471,Akkar,K,8351,Peren,K,1221
472,Akkaş,E,8351,Peren,K,1222
473,Akkaya,E,8351,Peren,K,1223
474,Akkaynak,E,8351,Peren,K,1224
475,Akkemik,E,8351,Peren,K,1225
476,Akkerman,E,8351,Peren,K,1226
477,Akkılıç,E,8351,Peren,K,1227
478,Akkın,E,8351,Peren,K,1228
479,Akkız,K,8351,Peren,K,1229
480,Akkor,K,8351,Peren,K,1230
481,Akköz,E,8351,Peren,K,1231
482,Akkurt,E,8351,Peren,K,1232
483,Akkuş,E,8351,Peren,K,1233
484,Akkutlu,K,8351,Peren,K,1234
485,Akkuyaş,E,8351,Peren,K,1235
486,Aklan,E,8351,Peren,K,1236
487,Akmaç,E,8351,Peren,K,1237
488,Akman,E,8351,Peren,K,1238
489,Akmanalp,E,8351,Peren,K,1239
490,Akmaner,E,8351,Peren,K,1240
491,Akmaral,K,8351,Peren,K,1241
492,Akmeriç,E,8351,Peren,K,1242
493,Aknur,K,8351,Peren,K,1243
494,Akol,K,8351,Peren,K,1244
495,Akozan,E,8351,Peren,K,1245
496,Akönder,E,8351,Peren,K,1246
497,Akören,E,8351,Peren,K,1247
498,Aköz,E,8351,Peren,K,1248
499,Akpay,E,8351,Peren,K,1249
500,Akpınar,U,8351,Peren,K,1250
251,Adıyahşi,E,8352,Peri,K,1251
252,Adıyaman,E,8352,Peri,K,1252
253,Adil,E,8352,Peri,K,1253
254,Adile,K,8352,Peri,K,1254
255,Adilhan,E,8352,Peri,K,1255
256,Adlan,E,8352,Peri,K,1256
257,Adlı,E,8352,Peri,K,1257
258,Adlığ,E,8352,Peri,K,1258
259,Adli,E,8352,Peri,K,1259
260,Adnan,E,8352,Peri,K,1260
261,Adni,E,8352,Peri,K,1261
262,Adniye,K,8352,Peri,K,1262
263,Adsız,E,8352,Peri,K,1263
264,Adsoy,E,8352,Peri,K,1264
265,Adviye,K,8352,Peri,K,1265
266,Afacan,E,8352,Peri,K,1266
267,Afak,U,8352,Peri,K,1267
268,Afer,E,8352,Peri,K,1268
269,Afet,K,8352,Peri,K,1269
270,Affan,U,8352,Peri,K,1270
271,Afi,K,8352,Peri,K,1271
272,Afif,E,8352,Peri,K,1272
273,Afife,K,8352,Peri,K,1273
274,Afitap,K,8352,Peri,K,1274
275,Afiye,K,8352,Peri,K,1275
276,Afiyet,K,8352,Peri,K,1276
277,Afra,K,8352,Peri,K,1277
278,Afşar,E,8352,Peri,K,1278
279,Afşin,E,8352,Peri,K,1279
280,Agâh,E,8352,Peri,K,1280
281,Agil,E,8352,Peri,K,1281
282,Aguş,K,8352,Peri,K,1282
283,Ağa,E,8352,Peri,K,1283
284,Ağacan,E,8352,Peri,K,1284
285,Ağahan,E,8352,Peri,K,1285
286,Ağahanım,K,8352,Peri,K,1286
287,Ağahatun,K,8352,Peri,K,1287
288,Ağakan,E,8352,Peri,K,1288
289,Ağakatun,K,8352,Peri,K,1289
290,Ağan,U,8352,Peri,K,1290
291,Ağanbegim,K,8352,Peri,K,1291
292,Ağanbegüm,K,8352,Peri,K,1292
293,Ağanbike,K,8352,Peri,K,1293
294,Ağanbüke,K,8352,Peri,K,1294
295,Ağaner,E,8352,Peri,K,1295
296,Ağaoğlu,E,8352,Peri,K,1296
297,Ağar,E,8352,Peri,K,1297
298,Ağarantan,E,8352,Peri,K,1298
299,Ağaverdi,E,8352,Peri,K,1299
300,Ağbacı,K,8352,Peri,K,1300
301,Ağbegim,K,8352,Peri,K,1301
302,Ağbegüm,K,8352,Peri,K,1302
303,Ağbet,K,8352,Peri,K,1303
304,Ağbilek,K,8352,Peri,K,1304
305,Ağca,U,8352,Peri,K,1305
306,Ağça,K,8352,Peri,K,1306
307,Ağçelik,E,8352,Peri,K,1307
308,Ağer,E,8352,Peri,K,1308
309,Ağgül,K,8352,Peri,K,1309
310,Ağın,E,8352,Peri,K,1310
311,Ağırtaş,E,8352,Peri,K,1311
312,Ağış,U,8352,Peri,K,1312
313,Ağkız,K,8352,Peri,K,1313
314,Ağnak,E,8352,Peri,K,1314
315,Ağyar,E,8352,Peri,K,1315
316,Ahen,E,8352,Peri,K,1316
317,Ahenk,K,8352,Peri,K,1317
318,Ahfeş,E,8352,Peri,K,1318
319,Ahıska,E,8352,Peri,K,1319
320,Ahi,E,8352,Peri,K,1320
321,Ahmet,E,8352,Peri,K,1321
322,Ahsen,U,8352,Peri,K,1322
323,Ahter,U,8352,Peri,K,1323
324,Ahu,K,8352,Peri,K,1324
325,Aişe,K,8352,Peri,K,1325
326,Ajda,K,8352,Peri,K,1326
327,Ajlan,E,8352,Peri,K,1327
328,Ak,K,8352,Peri,K,1328
329,Aka,E,8352,Peri,K,1329
330,Akad,E,8352,Peri,K,1330
331,Akadlı,E,8352,Peri,K,1331
332,Akağan,E,8352,Peri,K,1332
333,Akal,E,8352,Peri,K,1333
334,Akalan,E,8352,Peri,K,1334
335,Akalın,U,8352,Peri,K,1335
336,Akalp,E,8352,Peri,K,1336
337,Akaltan,E,8352,Peri,K,1337
338,Akan,E,8352,Peri,K,1338
339,Akanay,U,8352,Peri,K,1339
340,Akaner,E,8352,Peri,K,1340
341,Akansu,E,8352,Peri,K,1341
342,Akant,E,8352,Peri,K,1342
343,Akanyıldız,E,8352,Peri,K,1343
344,Akarca,E,8352,Peri,K,1344
345,Akarçay,E,8352,Peri,K,1345
346,Akarsel,E,8352,Peri,K,1346
347,Akarsu,U,8352,Peri,K,1347
348,Akartuna,E,8352,Peri,K,1348
349,Akartürk,E,8352,Peri,K,1349
350,Akasma,E,8352,Peri,K,1350
351,Akasoy,E,8352,Peri,K,1351
352,Akata,E,8352,Peri,K,1352
353,Akatay,E,8352,Peri,K,1353
354,Akay,U,8352,Peri,K,1354
355,Akaydın,E,8352,Peri,K,1355
356,Akbacı,K,8352,Peri,K,1356
357,Akbal,U,8352,Peri,K,1357
358,Akbaran,E,8352,Peri,K,1358
359,Akbaş,E,8352,Peri,K,1359
360,Akbaşak,U,8352,Peri,K,1360
361,Akbatu,E,8352,Peri,K,1361
362,Akbatur,E,8352,Peri,K,1362
363,Akbay,E,8352,Peri,K,1363
364,Akbayar,E,8352,Peri,K,1364
365,Akbek,E,8352,Peri,K,1365
366,Akbel,E,8352,Peri,K,1366
367,Akbet,E,8352,Peri,K,1367
368,Akbey,E,8352,Peri,K,1368
369,Akbil,E,8352,Peri,K,1369
370,Akbilge,E,8352,Peri,K,1370
371,Akboğa,E,8352,Peri,K,1371
372,Akbora,E,8352,Peri,K,1372
373,Akboy,E,8352,Peri,K,1373
374,Akbörü,E,8352,Peri,K,1374
375,Akbudun,E,8352,Peri,K,1375
376,Akbuğ,E,8352,Peri,K,1376
377,Akbulut,E,8352,Peri,K,1377
378,Akburak,E,8352,Peri,K,1378
379,Akburç,E,8352,Peri,K,1379
380,Akburçak,E,8352,Peri,K,1380
381,Akcan,U,8352,Peri,K,1381
382,Akcebe,E,8352,Peri,K,1382
383,Akcivan,E,8352,Peri,K,1383
384,Akça,U,8352,Peri,K,1384
385,Akçael,E,8352,Peri,K,1385
386,Akçagül,K,8352,Peri,K,1386
387,Akçakan,E,8352,Peri,K,1387
388,Akçakaya,E,8352,Peri,K,1388
389,Akçakıl,E,8352,Peri,K,1389
390,Akçakoca,E,8352,Peri,K,1390
391,Akçal,E,8352,Peri,K,1391
392,Akçalı,E,8352,Peri,K,1392
393,Akçam,E,8352,Peri,K,1393
394,Akçan,E,8352,Peri,K,1394
395,Akçasu,U,8352,Peri,K,1395
396,Akçay,E,8352,Peri,K,1396
397,Akçer,E,8352,Peri,K,1397
398,Akçığır,E,8352,Peri,K,1398
399,Akçıl,U,8352,Peri,K,1399
400,Akçınar,E,8352,Peri,K,1400
401,Akçiçek,K,8352,Peri,K,1401
402,Akçit,E,8352,Peri,K,1402
403,Akçora,E,8352,Peri,K,1403
404,Akdağ,E,8352,Peri,K,1404
405,Akdal,E,8352,Peri,K,1405
406,Akdamar,E,8352,Peri,K,1406
407,Akdemir,E,8352,Peri,K,1407
408,Akdeniz,E,8352,Peri,K,1408
409,Akdes,U,8352,Peri,K,1409
410,Akdik,E,8352,Peri,K,1410
411,Akdiken,E,8352,Peri,K,1411
412,Akdil,E,8352,Peri,K,1412
413,Akdoğ,E,8352,Peri,K,1413
414,Akdoğan,E,8352,Peri,K,1414
415,Akdoğdu,E,8352,Peri,K,1415
416,Akdoğmuş,E,8352,Peri,K,1416
417,Akdoğu,E,8352,Peri,K,1417
418,Akdolun,K,8352,Peri,K,1418
419,Akdora,E,8352,Peri,K,1419
420,Akdoru,E,8352,Peri,K,1420
421,Akdoruk,E,8352,Peri,K,1421
422,Akdöl,E,8352,Peri,K,1422
423,Akduman,E,8352,Peri,K,1423
424,Akdur,E,8352,Peri,K,1424
425,Akdurmuş,E,8352,Peri,K,1425
426,Akel,U,8352,Peri,K,1426
427,Aker,E,8352,Peri,K,1427
428,Akergin,E,8352,Peri,K,1428
429,Akerman,E,8352,Peri,K,1429
430,Akersan,E,8352,Peri,K,1430
431,Akersoy,E,8352,Peri,K,1431
432,Akgil,E,8352,Peri,K,1432
433,Akgiray,E,8352,Peri,K,1433
434,Akgöl,E,8352,Peri,K,1434
435,Akgöze,E,8352,Peri,K,1435
436,Akgüç,E,8352,Peri,K,1436
437,Akgül,K,8352,Peri,K,1437
438,Akgün,E,8352,Peri,K,1438
439,Akgündüz,E,8352,Peri,K,1439
440,Akgüner,E,8352,Peri,K,1440
441,Akgüneş,U,8352,Peri,K,1441
442,Akgüngör,U,8352,Peri,K,1442
443,Akhan,E,8352,Peri,K,1443
444,Akhanım,K,8352,Peri,K,1444
445,Akhun,E,8352,Peri,K,1445
446,Akı,E,8352,Peri,K,1446
447,Akıalp,E,8352,Peri,K,1447
448,Akıl,E,8352,Peri,K,1448
449,Akılbek,E,8352,Peri,K,1449
450,Akıllı,E,8352,Peri,K,1450
451,Akıman,E,8352,Peri,K,1451
452,Akın,E,8352,Peri,K,1452
453,Akınal,E,8352,Peri,K,1453
454,Akınalp,E,8352,Peri,K,1454
455,Akıncı,E,8352,Peri,K,1455
456,Akıncıbay,E,8352,Peri,K,1456
457,Akıner,E,8352,Peri,K,1457
458,Akıneri,E,8352,Peri,K,1458
459,Akıntan,E,8352,Peri,K,1459
460,Akibe,K,8352,Peri,K,1460
461,Akide,K,8352,Peri,K,1461
462,Akif,E,8352,Peri,K,1462
463,Akife,K,8352,Peri,K,1463
464,Akil,E,8352,Peri,K,1464
465,Akile,K,8352,Peri,K,1465
466,Akinci,K,8352,Peri,K,1466
467,Akip,E,8352,Peri,K,1467
468,Akipek,K,8352,Peri,K,1468
469,Akkadın,K,8352,Peri,K,1469
470,Akkan,E,8352,Peri,K,1470
471,Akkar,K,8352,Peri,K,1471
472,Akkaş,E,8352,Peri,K,1472
473,Akkaya,E,8352,Peri,K,1473
474,Akkaynak,E,8352,Peri,K,1474
475,Akkemik,E,8352,Peri,K,1475
476,Akkerman,E,8352,Peri,K,1476
477,Akkılıç,E,8352,Peri,K,1477
478,Akkın,E,8352,Peri,K,1478
479,Akkız,K,8352,Peri,K,1479
480,Akkor,K,8352,Peri,K,1480
481,Akköz,E,8352,Peri,K,1481
482,Akkurt,E,8352,Peri,K,1482
483,Akkuş,E,8352,Peri,K,1483
484,Akkutlu,K,8352,Peri,K,1484
485,Akkuyaş,E,8352,Peri,K,1485
486,Aklan,E,8352,Peri,K,1486
487,Akmaç,E,8352,Peri,K,1487
488,Akman,E,8352,Peri,K,1488
489,Akmanalp,E,8352,Peri,K,1489
490,Akmaner,E,8352,Peri,K,1490
491,Akmaral,K,8352,Peri,K,1491
492,Akmeriç,E,8352,Peri,K,1492
493,Aknur,K,8352,Peri,K,1493
494,Akol,K,8352,Peri,K,1494
495,Akozan,E,8352,Peri,K,1495
496,Akönder,E,8352,Peri,K,1496
497,Akören,E,8352,Peri,K,1497
498,Aköz,E,8352,Peri,K,1498
499,Akpay,E,8352,Peri,K,1499
500,Akpınar,U,8352,Peri,K,1500
251,Adıyahşi,E,8353,Perinur,K,1501
252,Adıyaman,E,8353,Perinur,K,1502
253,Adil,E,8353,Perinur,K,1503
254,Adile,K,8353,Perinur,K,1504
255,Adilhan,E,8353,Perinur,K,1505
256,Adlan,E,8353,Perinur,K,1506
257,Adlı,E,8353,Perinur,K,1507
258,Adlığ,E,8353,Perinur,K,1508
259,Adli,E,8353,Perinur,K,1509
260,Adnan,E,8353,Perinur,K,1510
261,Adni,E,8353,Perinur,K,1511
262,Adniye,K,8353,Perinur,K,1512
263,Adsız,E,8353,Perinur,K,1513
264,Adsoy,E,8353,Perinur,K,1514
265,Adviye,K,8353,Perinur,K,1515
266,Afacan,E,8353,Perinur,K,1516
267,Afak,U,8353,Perinur,K,1517
268,Afer,E,8353,Perinur,K,1518
269,Afet,K,8353,Perinur,K,1519
270,Affan,U,8353,Perinur,K,1520
271,Afi,K,8353,Perinur,K,1521
272,Afif,E,8353,Perinur,K,1522
273,Afife,K,8353,Perinur,K,1523
274,Afitap,K,8353,Perinur,K,1524
275,Afiye,K,8353,Perinur,K,1525
276,Afiyet,K,8353,Perinur,K,1526
277,Afra,K,8353,Perinur,K,1527
278,Afşar,E,8353,Perinur,K,1528
279,Afşin,E,8353,Perinur,K,1529
280,Agâh,E,8353,Perinur,K,1530
281,Agil,E,8353,Perinur,K,1531
282,Aguş,K,8353,Perinur,K,1532
283,Ağa,E,8353,Perinur,K,1533
284,Ağacan,E,8353,Perinur,K,1534
285,Ağahan,E,8353,Perinur,K,1535
286,Ağahanım,K,8353,Perinur,K,1536
287,Ağahatun,K,8353,Perinur,K,1537
288,Ağakan,E,8353,Perinur,K,1538
289,Ağakatun,K,8353,Perinur,K,1539
290,Ağan,U,8353,Perinur,K,1540
291,Ağanbegim,K,8353,Perinur,K,1541
292,Ağanbegüm,K,8353,Perinur,K,1542
293,Ağanbike,K,8353,Perinur,K,1543
294,Ağanbüke,K,8353,Perinur,K,1544
295,Ağaner,E,8353,Perinur,K,1545
296,Ağaoğlu,E,8353,Perinur,K,1546
297,Ağar,E,8353,Perinur,K,1547
298,Ağarantan,E,8353,Perinur,K,1548
299,Ağaverdi,E,8353,Perinur,K,1549
300,Ağbacı,K,8353,Perinur,K,1550
301,Ağbegim,K,8353,Perinur,K,1551
302,Ağbegüm,K,8353,Perinur,K,1552
303,Ağbet,K,8353,Perinur,K,1553
304,Ağbilek,K,8353,Perinur,K,1554
305,Ağca,U,8353,Perinur,K,1555
306,Ağça,K,8353,Perinur,K,1556
307,Ağçelik,E,8353,Perinur,K,1557
308,Ağer,E,8353,Perinur,K,1558
309,Ağgül,K,8353,Perinur,K,1559
310,Ağın,E,8353,Perinur,K,1560
311,Ağırtaş,E,8353,Perinur,K,1561
312,Ağış,U,8353,Perinur,K,1562
313,Ağkız,K,8353,Perinur,K,1563
314,Ağnak,E,8353,Perinur,K,1564
315,Ağyar,E,8353,Perinur,K,1565
316,Ahen,E,8353,Perinur,K,1566
317,Ahenk,K,8353,Perinur,K,1567
318,Ahfeş,E,8353,Perinur,K,1568
319,Ahıska,E,8353,Perinur,K,1569
320,Ahi,E,8353,Perinur,K,1570
321,Ahmet,E,8353,Perinur,K,1571
322,Ahsen,U,8353,Perinur,K,1572
323,Ahter,U,8353,Perinur,K,1573
324,Ahu,K,8353,Perinur,K,1574
325,Aişe,K,8353,Perinur,K,1575
326,Ajda,K,8353,Perinur,K,1576
327,Ajlan,E,8353,Perinur,K,1577
328,Ak,K,8353,Perinur,K,1578
329,Aka,E,8353,Perinur,K,1579
330,Akad,E,8353,Perinur,K,1580
331,Akadlı,E,8353,Perinur,K,1581
332,Akağan,E,8353,Perinur,K,1582
333,Akal,E,8353,Perinur,K,1583
334,Akalan,E,8353,Perinur,K,1584