CITY,DIST,BRANCH,BRANCHID,GERSKIZ,ISIM,GEREKSIZ,GEREKSIZ,SOYISIM,GEREKSIZ,SALESMANID
İstanbul,MARMARA,Adalar,1,251,Adıyahşi,E,8347,Peksu,K,1
İstanbul,MARMARA,Adalar,1,252,Adıyaman,E,8347,Peksu,K,2
İstanbul,MARMARA,Adalar,1,253,Adil,E,8347,Peksu,K,3
İstanbul,MARMARA,Adalar,1,254,Adile,K,8347,Peksu,K,4
İstanbul,MARMARA,Maltepe,2,255,Adilhan,E,8347,Peksu,K,5
İstanbul,MARMARA,Maltepe,2,256,Adlan,E,8347,Peksu,K,6
İstanbul,MARMARA,Maltepe,2,257,Adlı,E,8347,Peksu,K,7
İstanbul,MARMARA,Maltepe,2,258,Adlığ,E,8347,Peksu,K,8
İstanbul,MARMARA,Beykoz,3,259,Adli,E,8347,Peksu,K,9
İstanbul,MARMARA,Beykoz,3,260,Adnan,E,8347,Peksu,K,10
İstanbul,MARMARA,Beykoz,3,261,Adni,E,8347,Peksu,K,11
İstanbul,MARMARA,Beykoz,3,262,Adniye,K,8347,Peksu,K,12
İstanbul,MARMARA,Kartal,4,263,Adsız,E,8347,Peksu,K,13
İstanbul,MARMARA,Kartal,4,264,Adsoy,E,8347,Peksu,K,14
İstanbul,MARMARA,Kartal,4,265,Adviye,K,8347,Peksu,K,15
İstanbul,MARMARA,Kartal,4,266,Afacan,E,8347,Peksu,K,16
İstanbul,MARMARA,Kadıköy,5,267,Afak,U,8347,Peksu,K,17
İstanbul,MARMARA,Kadıköy,5,268,Afer,E,8347,Peksu,K,18
İstanbul,MARMARA,Kadıköy,5,269,Afet,K,8347,Peksu,K,19
İstanbul,MARMARA,Kadıköy,5,270,Affan,U,8347,Peksu,K,20
Edirne,MARMARA,Uzunköprü,6,271,Afi,K,8347,Peksu,K,21
Edirne,MARMARA,Uzunköprü,6,272,Afif,E,8347,Peksu,K,22
Edirne,MARMARA,Uzunköprü,6,273,Afife,K,8347,Peksu,K,23
Edirne,MARMARA,Uzunköprü,6,274,Afitap,K,8347,Peksu,K,24
Edirne,MARMARA,Keşan,7,275,Afiye,K,8347,Peksu,K,25
Edirne,MARMARA,Keşan,7,276,Afiyet,K,8347,Peksu,K,26
Edirne,MARMARA,Keşan,7,277,Afra,K,8347,Peksu,K,27
Edirne,MARMARA,Keşan,7,278,Afşar,E,8347,Peksu,K,28
Edirne,MARMARA,Lalapaşa,8,279,Afşin,E,8347,Peksu,K,29
Edirne,MARMARA,Lalapaşa,8,280,Agâh,E,8347,Peksu,K,30
Edirne,MARMARA,Lalapaşa,8,281,Agil,E,8347,Peksu,K,31
Edirne,MARMARA,Lalapaşa,8,282,Aguş,K,8347,Peksu,K,32
Edirne,MARMARA,Süloğlu,9,283,Ağa,E,8347,Peksu,K,33
Edirne,MARMARA,Süloğlu,9,284,Ağacan,E,8347,Peksu,K,34
Edirne,MARMARA,Süloğlu,9,285,Ağahan,E,8347,Peksu,K,35
Edirne,MARMARA,Süloğlu,9,286,Ağahanım,K,8347,Peksu,K,36
Edirne,MARMARA,Lalapaşa,10,287,Ağahatun,K,8347,Peksu,K,37
Edirne,MARMARA,Lalapaşa,10,288,Ağakan,E,8347,Peksu,K,38
Edirne,MARMARA,Lalapaşa,10,289,Ağakatun,K,8347,Peksu,K,39
Edirne,MARMARA,Lalapaşa,10,290,Ağan,U,8347,Peksu,K,40
Kırklareli,MARMARA,Vize,11,291,Ağanbegim,K,8347,Peksu,K,41
Kırklareli,MARMARA,Vize,11,292,Ağanbegüm,K,8347,Peksu,K,42
Kırklareli,MARMARA,Vize,11,293,Ağanbike,K,8347,Peksu,K,43
Kırklareli,MARMARA,Vize,11,294,Ağanbüke,K,8347,Peksu,K,44
Kırklareli,MARMARA,Pınarhisar,12,295,Ağaner,E,8347,Peksu,K,45
Kırklareli,MARMARA,Pınarhisar,12,296,Ağaoğlu,E,8347,Peksu,K,46
Kırklareli,MARMARA,Pınarhisar,12,297,Ağar,E,8347,Peksu,K,47
Kırklareli,MARMARA,Pınarhisar,12,298,Ağarantan,E,8347,Peksu,K,48
Kırklareli,MARMARA,Pehlivanköy,13,299,Ağaverdi,E,8347,Peksu,K,49
Kırklareli,MARMARA,Pehlivanköy,13,300,Ağbacı,K,8347,Peksu,K,50
Kırklareli,MARMARA,Pehlivanköy,13,301,Ağbegim,K,8347,Peksu,K,51
Kırklareli,MARMARA,Pehlivanköy,13,302,Ağbegüm,K,8347,Peksu,K,52
Kırklareli,MARMARA,Lüleburgaz,14,303,Ağbet,K,8347,Peksu,K,53
Kırklareli,MARMARA,Lüleburgaz,14,304,Ağbilek,K,8347,Peksu,K,54
Kırklareli,MARMARA,Lüleburgaz,14,305,Ağca,U,8347,Peksu,K,55
Kırklareli,MARMARA,Lüleburgaz,14,306,Ağça,K,8347,Peksu,K,56
Kırklareli,MARMARA,Merkez,15,307,Ağçelik,E,8347,Peksu,K,57
Kırklareli,MARMARA,Merkez,15,308,Ağer,E,8347,Peksu,K,58
Kırklareli,MARMARA,Merkez,15,309,Ağgül,K,8347,Peksu,K,59
Kırklareli,MARMARA,Merkez,15,310,Ağın,E,8347,Peksu,K,60
Tekirdağ,MARMARA,Şarköy,16,311,Ağırtaş,E,8347,Peksu,K,61
Tekirdağ,MARMARA,Şarköy,16,312,Ağış,U,8347,Peksu,K,62
Tekirdağ,MARMARA,Şarköy,16,313,Ağkız,K,8347,Peksu,K,63
Tekirdağ,MARMARA,Şarköy,16,314,Ağnak,E,8347,Peksu,K,64
Tekirdağ,MARMARA,Saray,17,315,Ağyar,E,8347,Peksu,K,65
Tekirdağ,MARMARA,Saray,17,316,Ahen,E,8347,Peksu,K,66
Tekirdağ,MARMARA,Saray,17,317,Ahenk,K,8347,Peksu,K,67
Tekirdağ,MARMARA,Saray,17,318,Ahfeş,E,8347,Peksu,K,68
Tekirdağ,MARMARA,Muratlı,18,319,Ahıska,E,8347,Peksu,K,69
Tekirdağ,MARMARA,Muratlı,18,320,Ahi,E,8347,Peksu,K,70
Tekirdağ,MARMARA,Muratlı,18,321,Ahmet,E,8347,Peksu,K,71
Tekirdağ,MARMARA,Muratlı,18,322,Ahsen,U,8347,Peksu,K,72
Tekirdağ,MARMARA,Marmaraereğlisi,19,323,Ahter,U,8347,Peksu,K,73
Tekirdağ,MARMARA,Marmaraereğlisi,19,324,Ahu,K,8347,Peksu,K,74
Tekirdağ,MARMARA,Marmaraereğlisi,19,325,Aişe,K,8347,Peksu,K,75
Tekirdağ,MARMARA,Marmaraereğlisi,19,326,Ajda,K,8347,Peksu,K,76
Tekirdağ,MARMARA,Malkara,20,327,Ajlan,E,8347,Peksu,K,77
Tekirdağ,MARMARA,Malkara,20,328,Ak,K,8347,Peksu,K,78
Tekirdağ,MARMARA,Malkara,20,329,Aka,E,8347,Peksu,K,79
Tekirdağ,MARMARA,Malkara,20,330,Akad,E,8347,Peksu,K,80
Çanakkale,MARMARA,Ezine,21,331,Akadlı,E,8347,Peksu,K,81
Çanakkale,MARMARA,Ezine,21,332,Akağan,E,8347,Peksu,K,82
Çanakkale,MARMARA,Ezine,21,333,Akal,E,8347,Peksu,K,83
Çanakkale,MARMARA,Ezine,21,334,Akalan,E,8347,Peksu,K,84
Çanakkale,MARMARA,Eceabat,22,335,Akalın,U,8347,Peksu,K,85
Çanakkale,MARMARA,Eceabat,22,336,Akalp,E,8347,Peksu,K,86
Çanakkale,MARMARA,Eceabat,22,337,Akaltan,E,8347,Peksu,K,87
Çanakkale,MARMARA,Eceabat,22,338,Akan,E,8347,Peksu,K,88
Çanakkale,MARMARA,Biga,23,339,Akanay,U,8347,Peksu,K,89
Çanakkale,MARMARA,Biga,23,340,Akaner,E,8347,Peksu,K,90
Çanakkale,MARMARA,Biga,23,341,Akansu,E,8347,Peksu,K,91
Çanakkale,MARMARA,Biga,23,342,Akant,E,8347,Peksu,K,92
Çanakkale,MARMARA,Yenice,24,343,Akanyıldız,E,8347,Peksu,K,93
Çanakkale,MARMARA,Yenice,24,344,Akarca,E,8347,Peksu,K,94
Çanakkale,MARMARA,Yenice,24,345,Akarçay,E,8347,Peksu,K,95
Çanakkale,MARMARA,Yenice,24,346,Akarsel,E,8347,Peksu,K,96
Çanakkale,MARMARA,Lapseki,25,347,Akarsu,U,8347,Peksu,K,97
Çanakkale,MARMARA,Lapseki,25,348,Akartuna,E,8347,Peksu,K,98
Çanakkale,MARMARA,Lapseki,25,349,Akartürk,E,8347,Peksu,K,99
Çanakkale,MARMARA,Lapseki,25,350,Akasma,E,8347,Peksu,K,100
Kocaeli,MARMARA,Gölcük,26,351,Akasoy,E,8347,Peksu,K,101
Kocaeli,MARMARA,Gölcük,26,352,Akata,E,8347,Peksu,K,102
Kocaeli,MARMARA,Gölcük,26,353,Akatay,E,8347,Peksu,K,103
Kocaeli,MARMARA,Gölcük,26,354,Akay,U,8347,Peksu,K,104
Kocaeli,MARMARA,İzmit,27,355,Akaydın,E,8347,Peksu,K,105
Kocaeli,MARMARA,İzmit,27,356,Akbacı,K,8347,Peksu,K,106
Kocaeli,MARMARA,İzmit,27,357,Akbal,U,8347,Peksu,K,107
Kocaeli,MARMARA,İzmit,27,358,Akbaran,E,8347,Peksu,K,108
Kocaeli,MARMARA,Karamürsel,28,359,Akbaş,E,8347,Peksu,K,109
Kocaeli,MARMARA,Karamürsel,28,360,Akbaşak,U,8347,Peksu,K,110
Kocaeli,MARMARA,Karamürsel,28,361,Akbatu,E,8347,Peksu,K,111
Kocaeli,MARMARA,Karamürsel,28,362,Akbatur,E,8347,Peksu,K,112
Kocaeli,MARMARA,Körfez,29,363,Akbay,E,8347,Peksu,K,113
Kocaeli,MARMARA,Körfez,29,364,Akbayar,E,8347,Peksu,K,114
Kocaeli,MARMARA,Körfez,29,365,Akbek,E,8347,Peksu,K,115
Kocaeli,MARMARA,Körfez,29,366,Akbel,E,8347,Peksu,K,116
Kocaeli,MARMARA,Kartepe,30,367,Akbet,E,8347,Peksu,K,117
Kocaeli,MARMARA,Kartepe,30,368,Akbey,E,8347,Peksu,K,118
Kocaeli,MARMARA,Kartepe,30,369,Akbil,E,8347,Peksu,K,119
Kocaeli,MARMARA,Kartepe,30,370,Akbilge,E,8347,Peksu,K,120
Yalova,MARMARA,Altınova,31,371,Akboğa,E,8347,Peksu,K,121
Yalova,MARMARA,Altınova,31,372,Akbora,E,8347,Peksu,K,122
Yalova,MARMARA,Altınova,31,373,Akboy,E,8347,Peksu,K,123
Yalova,MARMARA,Altınova,31,374,Akbörü,E,8347,Peksu,K,124
Yalova,MARMARA,Armutlu,32,375,Akbudun,E,8347,Peksu,K,125
Yalova,MARMARA,Armutlu,32,376,Akbuğ,E,8347,Peksu,K,126
Yalova,MARMARA,Armutlu,32,377,Akbulut,E,8347,Peksu,K,127
Yalova,MARMARA,Armutlu,32,378,Akburak,E,8347,Peksu,K,128
Yalova,MARMARA,Çınarcık,33,379,Akburç,E,8347,Peksu,K,129
Yalova,MARMARA,Çınarcık,33,380,Akburçak,E,8347,Peksu,K,130
Yalova,MARMARA,Çınarcık,33,381,Akcan,U,8347,Peksu,K,131
Yalova,MARMARA,Çınarcık,33,382,Akcebe,E,8347,Peksu,K,132
Yalova,MARMARA,Çiftlikköy,34,383,Akcivan,E,8347,Peksu,K,133
Yalova,MARMARA,Çiftlikköy,34,384,Akça,U,8347,Peksu,K,134
Yalova,MARMARA,Çiftlikköy,34,385,Akçael,E,8347,Peksu,K,135
Yalova,MARMARA,Çiftlikköy,34,386,Akçagül,K,8347,Peksu,K,136
Yalova,MARMARA,Merkez,35,387,Akçakan,E,8347,Peksu,K,137
Yalova,MARMARA,Merkez,35,388,Akçakaya,E,8347,Peksu,K,138
Yalova,MARMARA,Merkez,35,389,Akçakıl,E,8347,Peksu,K,139
Yalova,MARMARA,Merkez,35,390,Akçakoca,E,8347,Peksu,K,140
Sakarya,MARMARA,Geyve,36,391,Akçal,E,8347,Peksu,K,141
Sakarya,MARMARA,Geyve,36,392,Akçalı,E,8347,Peksu,K,142
Sakarya,MARMARA,Geyve,36,393,Akçam,E,8347,Peksu,K,143
Sakarya,MARMARA,Geyve,36,394,Akçan,E,8347,Peksu,K,144
Sakarya,MARMARA,Karasu,37,395,Akçasu,U,8347,Peksu,K,145
Sakarya,MARMARA,Karasu,37,396,Akçay,E,8347,Peksu,K,146
Sakarya,MARMARA,Karasu,37,397,Akçer,E,8347,Peksu,K,147
Sakarya,MARMARA,Karasu,37,398,Akçığır,E,8347,Peksu,K,148
Sakarya,MARMARA,Kocaali,38,399,Akçıl,U,8347,Peksu,K,149
Sakarya,MARMARA,Kocaali,38,400,Akçınar,E,8347,Peksu,K,150
Sakarya,MARMARA,Kocaali,38,401,Akçiçek,K,8347,Peksu,K,151
Sakarya,MARMARA,Kocaali,38,402,Akçit,E,8347,Peksu,K,152
Sakarya,MARMARA,Serdivan,39,403,Akçora,E,8347,Peksu,K,153
Sakarya,MARMARA,Serdivan,39,404,Akdağ,E,8347,Peksu,K,154
Sakarya,MARMARA,Serdivan,39,405,Akdal,E,8347,Peksu,K,155
Sakarya,MARMARA,Serdivan,39,406,Akdamar,E,8347,Peksu,K,156
Sakarya,MARMARA,Taraklı,40,407,Akdemir,E,8347,Peksu,K,157
Sakarya,MARMARA,Taraklı,40,408,Akdeniz,E,8347,Peksu,K,158
Sakarya,MARMARA,Taraklı,40,409,Akdes,U,8347,Peksu,K,159
Sakarya,MARMARA,Taraklı,40,410,Akdik,E,8347,Peksu,K,160
Bilecik,MARMARA,Yenipazar,41,411,Akdiken,E,8347,Peksu,K,161
Bilecik,MARMARA,Yenipazar,41,412,Akdil,E,8347,Peksu,K,162
Bilecik,MARMARA,Yenipazar,41,413,Akdoğ,E,8347,Peksu,K,163
Bilecik,MARMARA,Yenipazar,41,414,Akdoğan,E,8347,Peksu,K,164
Bilecik,MARMARA,Söğüt,42,415,Akdoğdu,E,8347,Peksu,K,165
Bilecik,MARMARA,Söğüt,42,416,Akdoğmuş,E,8347,Peksu,K,166
Bilecik,MARMARA,Söğüt,42,417,Akdoğu,E,8347,Peksu,K,167
Bilecik,MARMARA,Söğüt,42,418,Akdolun,K,8347,Peksu,K,168
Bilecik,MARMARA,Pazaryeri,43,419,Akdora,E,8347,Peksu,K,169
Bilecik,MARMARA,Pazaryeri,43,420,Akdoru,E,8347,Peksu,K,170
Bilecik,MARMARA,Pazaryeri,43,421,Akdoruk,E,8347,Peksu,K,171
Bilecik,MARMARA,Pazaryeri,43,422,Akdöl,E,8347,Peksu,K,172
Bilecik,MARMARA,Bozüyük,44,423,Akduman,E,8347,Peksu,K,173
Bilecik,MARMARA,Bozüyük,44,424,Akdur,E,8347,Peksu,K,174
Bilecik,MARMARA,Bozüyük,44,425,Akdurmuş,E,8347,Peksu,K,175
Bilecik,MARMARA,Bozüyük,44,426,Akel,U,8347,Peksu,K,176
Bilecik,MARMARA,Osmaneli,45,427,Aker,E,8347,Peksu,K,177
Bilecik,MARMARA,Osmaneli,45,428,Akergin,E,8347,Peksu,K,178
Bilecik,MARMARA,Osmaneli,45,429,Akerman,E,8347,Peksu,K,179
Bilecik,MARMARA,Osmaneli,45,430,Akersan,E,8347,Peksu,K,180
Bursa,MARMARA,Nilüfer,46,431,Akersoy,E,8347,Peksu,K,181
Bursa,MARMARA,Nilüfer,46,432,Akgil,E,8347,Peksu,K,182
Bursa,MARMARA,Nilüfer,46,433,Akgiray,E,8347,Peksu,K,183
Bursa,MARMARA,Nilüfer,46,434,Akgöl,E,8347,Peksu,K,184
Bursa,MARMARA,Yenişehir,47,435,Akgöze,E,8347,Peksu,K,185
Bursa,MARMARA,Yenişehir,47,436,Akgüç,E,8347,Peksu,K,186
Bursa,MARMARA,Yenişehir,47,437,Akgül,K,8347,Peksu,K,187
Bursa,MARMARA,Yenişehir,47,438,Akgün,E,8347,Peksu,K,188
Bursa,MARMARA,Yıldırım,48,439,Akgündüz,E,8347,Peksu,K,189
Bursa,MARMARA,Yıldırım,48,440,Akgüner,E,8347,Peksu,K,190
Bursa,MARMARA,Yıldırım,48,441,Akgüneş,U,8347,Peksu,K,191
Bursa,MARMARA,Yıldırım,48,442,Akgüngör,U,8347,Peksu,K,192
Bursa,MARMARA,Karacabey,49,443,Akhan,E,8347,Peksu,K,193
Bursa,MARMARA,Karacabey,49,444,Akhanım,K,8347,Peksu,K,194
Bursa,MARMARA,Karacabey,49,445,Akhun,E,8347,Peksu,K,195
Bursa,MARMARA,Karacabey,49,446,Akı,E,8347,Peksu,K,196
Bursa,MARMARA,İznik,50,447,Akıalp,E,8347,Peksu,K,197
Bursa,MARMARA,İznik,50,448,Akıl,E,8347,Peksu,K,198
Bursa,MARMARA,İznik,50,449,Akılbek,E,8347,Peksu,K,199
Bursa,MARMARA,İznik,50,450,Akıllı,E,8347,Peksu,K,200
Balıkesir,MARMARA,Susurluk,51,451,Akıman,E,8347,Peksu,K,201
Balıkesir,MARMARA,Susurluk,51,452,Akın,E,8347,Peksu,K,202
Balıkesir,MARMARA,Susurluk,51,453,Akınal,E,8347,Peksu,K,203
Balıkesir,MARMARA,Susurluk,51,454,Akınalp,E,8347,Peksu,K,204
Balıkesir,MARMARA,Sındırgı,52,455,Akıncı,E,8347,Peksu,K,205
Balıkesir,MARMARA,Sındırgı,52,456,Akıncıbay,E,8347,Peksu,K,206
Balıkesir,MARMARA,Sındırgı,52,457,Akıner,E,8347,Peksu,K,207
Balıkesir,MARMARA,Sındırgı,52,458,Akıneri,E,8347,Peksu,K,208
Balıkesir,MARMARA,Karesi,53,459,Akıntan,E,8347,Peksu,K,209
Balıkesir,MARMARA,Karesi,53,460,Akibe,K,8347,Peksu,K,210
Balıkesir,MARMARA,Karesi,53,461,Akide,K,8347,Peksu,K,211
Balıkesir,MARMARA,Karesi,53,462,Akif,E,8347,Peksu,K,212
Balıkesir,MARMARA,İvrindi,54,463,Akife,K,8347,Peksu,K,213
Balıkesir,MARMARA,İvrindi,54,464,Akil,E,8347,Peksu,K,214
Balıkesir,MARMARA,İvrindi,54,465,Akile,K,8347,Peksu,K,215
Balıkesir,MARMARA,İvrindi,54,466,Akinci,K,8347,Peksu,K,216
Balıkesir,MARMARA,Gönen,55,467,Akip,E,8347,Peksu,K,217
Balıkesir,MARMARA,Gönen,55,468,Akipek,K,8347,Peksu,K,218
Balıkesir,MARMARA,Gönen,55,469,Akkadın,K,8347,Peksu,K,219
Balıkesir,MARMARA,Gönen,55,470,Akkan,E,8347,Peksu,K,220
Amasya,KARADENİZ,Taşova,56,471,Akkar,K,8347,Peksu,K,221
Amasya,KARADENİZ,Taşova,56,472,Akkaş,E,8347,Peksu,K,222
Amasya,KARADENİZ,Taşova,56,473,Akkaya,E,8347,Peksu,K,223
Amasya,KARADENİZ,Taşova,56,474,Akkaynak,E,8347,Peksu,K,224
Amasya,KARADENİZ,Suluova,57,475,Akkemik,E,8347,Peksu,K,225
Amasya,KARADENİZ,Suluova,57,476,Akkerman,E,8347,Peksu,K,226
Amasya,KARADENİZ,Suluova,57,477,Akkılıç,E,8347,Peksu,K,227
Amasya,KARADENİZ,Suluova,57,478,Akkın,E,8347,Peksu,K,228
Amasya,KARADENİZ,Merzifon,58,479,Akkız,K,8347,Peksu,K,229
Amasya,KARADENİZ,Merzifon,58,480,Akkor,K,8347,Peksu,K,230
Amasya,KARADENİZ,Merzifon,58,481,Akköz,E,8347,Peksu,K,231
Amasya,KARADENİZ,Merzifon,58,482,Akkurt,E,8347,Peksu,K,232
Amasya,KARADENİZ,Merkez,59,483,Akkuş,E,8347,Peksu,K,233
Amasya,KARADENİZ,Merkez,59,484,Akkutlu,K,8347,Peksu,K,234
Amasya,KARADENİZ,Merkez,59,485,Akkuyaş,E,8347,Peksu,K,235
Amasya,KARADENİZ,Merkez,59,486,Aklan,E,8347,Peksu,K,236
Amasya,KARADENİZ,Göynücek,60,487,Akmaç,E,8347,Peksu,K,237
Amasya,KARADENİZ,Göynücek,60,488,Akman,E,8347,Peksu,K,238
Amasya,KARADENİZ,Göynücek,60,489,Akmanalp,E,8347,Peksu,K,239
Amasya,KARADENİZ,Göynücek,60,490,Akmaner,E,8347,Peksu,K,240
Artvin,KARADENİZ,Yusufeli,61,491,Akmaral,K,8347,Peksu,K,241
Artvin,KARADENİZ,Yusufeli,61,492,Akmeriç,E,8347,Peksu,K,242
Artvin,KARADENİZ,Yusufeli,61,493,Aknur,K,8347,Peksu,K,243
Artvin,KARADENİZ,Yusufeli,61,494,Akol,K,8347,Peksu,K,244
Artvin,KARADENİZ,Berta,62,495,Akozan,E,8347,Peksu,K,245
Artvin,KARADENİZ,Berta,62,496,Akönder,E,8347,Peksu,K,246
Artvin,KARADENİZ,Berta,62,497,Akören,E,8347,Peksu,K,247
Artvin,KARADENİZ,Berta,62,498,Aköz,E,8347,Peksu,K,248
Artvin,KARADENİZ,Hopa,63,499,Akpay,E,8347,Peksu,K,249
Artvin,KARADENİZ,Hopa,63,500,Akpınar,U,8347,Peksu,K,250
Artvin,KARADENİZ,Hopa,63,251,Adıyahşi,E,8348,Pekşen,K,251
Artvin,KARADENİZ,Hopa,63,252,Adıyaman,E,8348,Pekşen,K,252
Artvin,KARADENİZ,Borçka,64,253,Adil,E,8348,Pekşen,K,253
Artvin,KARADENİZ,Borçka,64,254,Adile,K,8348,Pekşen,K,254
Artvin,KARADENİZ,Borçka,64,255,Adilhan,E,8348,Pekşen,K,255
Artvin,KARADENİZ,Borçka,64,256,Adlan,E,8348,Pekşen,K,256
Artvin,KARADENİZ,Merya,65,257,Adlı,E,8348,Pekşen,K,257
Artvin,KARADENİZ,Merya,65,258,Adlığ,E,8348,Pekşen,K,258
Artvin,KARADENİZ,Merya,65,259,Adli,E,8348,Pekşen,K,259
Artvin,KARADENİZ,Merya,65,260,Adnan,E,8348,Pekşen,K,260
Bartın,KARADENİZ,Amasra,66,261,Adni,E,8348,Pekşen,K,261
Bartın,KARADENİZ,Amasra,66,262,Adniye,K,8348,Pekşen,K,262
Bartın,KARADENİZ,Amasra,66,263,Adsız,E,8348,Pekşen,K,263
Bartın,KARADENİZ,Amasra,66,264,Adsoy,E,8348,Pekşen,K,264
Bartın,KARADENİZ,Kurucaşile,67,265,Adviye,K,8348,Pekşen,K,265
Bartın,KARADENİZ,Kurucaşile,67,266,Afacan,E,8348,Pekşen,K,266
Bartın,KARADENİZ,Kurucaşile,67,267,Afak,U,8348,Pekşen,K,267
Bartın,KARADENİZ,Kurucaşile,67,268,Afer,E,8348,Pekşen,K,268
Bartın,KARADENİZ,Merkez,68,269,Afet,K,8348,Pekşen,K,269
Bartın,KARADENİZ,Merkez,68,270,Affan,U,8348,Pekşen,K,270
Bartın,KARADENİZ,Merkez,68,271,Afi,K,8348,Pekşen,K,271
Bartın,KARADENİZ,Merkez,68,272,Afif,E,8348,Pekşen,K,272
Bartın,KARADENİZ,Ulus,69,273,Afife,K,8348,Pekşen,K,273
Bartın,KARADENİZ,Ulus,69,274,Afitap,K,8348,Pekşen,K,274
Bartın,KARADENİZ,Ulus,69,275,Afiye,K,8348,Pekşen,K,275
Bartın,KARADENİZ,Ulus,69,276,Afiyet,K,8348,Pekşen,K,276
Bayburt,KARADENİZ,Aydıntepe,70,277,Afra,K,8348,Pekşen,K,277
Bayburt,KARADENİZ,Aydıntepe,70,278,Afşar,E,8348,Pekşen,K,278
Bayburt,KARADENİZ,Aydıntepe,70,279,Afşin,E,8348,Pekşen,K,279
Bayburt,KARADENİZ,Aydıntepe,70,280,Agâh,E,8348,Pekşen,K,280
Bayburt,KARADENİZ,Demirözü,71,281,Agil,E,8348,Pekşen,K,281
Bayburt,KARADENİZ,Demirözü,71,282,Aguş,K,8348,Pekşen,K,282
Bayburt,KARADENİZ,Demirözü,71,283,Ağa,E,8348,Pekşen,K,283
Bayburt,KARADENİZ,Demirözü,71,284,Ağacan,E,8348,Pekşen,K,284
Bayburt,KARADENİZ,Merkez,72,285,Ağahan,E,8348,Pekşen,K,285
Bayburt,KARADENİZ,Merkez,72,286,Ağahanım,K,8348,Pekşen,K,286
Bayburt,KARADENİZ,Merkez,72,287,Ağahatun,K,8348,Pekşen,K,287
Bayburt,KARADENİZ,Merkez,72,288,Ağakan,E,8348,Pekşen,K,288
Bolu,KARADENİZ,Yeniçağa,73,289,Ağakatun,K,8348,Pekşen,K,289
Bolu,KARADENİZ,Yeniçağa,73,290,Ağan,U,8348,Pekşen,K,290
Bolu,KARADENİZ,Yeniçağa,73,291,Ağanbegim,K,8348,Pekşen,K,291
Bolu,KARADENİZ,Yeniçağa,73,292,Ağanbegüm,K,8348,Pekşen,K,292
Bolu,KARADENİZ,Merkez,74,293,Ağanbike,K,8348,Pekşen,K,293
Bolu,KARADENİZ,Merkez,74,294,Ağanbüke,K,8348,Pekşen,K,294
Bolu,KARADENİZ,Merkez,74,295,Ağaner,E,8348,Pekşen,K,295
Bolu,KARADENİZ,Merkez,74,296,Ağaoğlu,E,8348,Pekşen,K,296
Bolu,KARADENİZ,Dörtdivan,75,297,Ağar,E,8348,Pekşen,K,297
Bolu,KARADENİZ,Dörtdivan,75,298,Ağarantan,E,8348,Pekşen,K,298
Bolu,KARADENİZ,Dörtdivan,75,299,Ağaverdi,E,8348,Pekşen,K,299
Bolu,KARADENİZ,Dörtdivan,75,300,Ağbacı,K,8348,Pekşen,K,300
Bolu,KARADENİZ,Kıbrıscık,76,301,Ağbegim,K,8348,Pekşen,K,301
Bolu,KARADENİZ,Kıbrıscık,76,302,Ağbegüm,K,8348,Pekşen,K,302
Bolu,KARADENİZ,Kıbrıscık,76,303,Ağbet,K,8348,Pekşen,K,303
Bolu,KARADENİZ,Kıbrıscık,76,304,Ağbilek,K,8348,Pekşen,K,304
Bolu,KARADENİZ,Mengen,77,305,Ağca,U,8348,Pekşen,K,305
Bolu,KARADENİZ,Mengen,77,306,Ağça,K,8348,Pekşen,K,306
Bolu,KARADENİZ,Mengen,77,307,Ağçelik,E,8348,Pekşen,K,307
Bolu,KARADENİZ,Mengen,77,308,Ağer,E,8348,Pekşen,K,308
Çorum,KARADENİZ,Uğurludağ,78,309,Ağgül,K,8348,Pekşen,K,309
Çorum,KARADENİZ,Uğurludağ,78,310,Ağın,E,8348,Pekşen,K,310
Çorum,KARADENİZ,Uğurludağ,78,311,Ağırtaş,E,8348,Pekşen,K,311
Çorum,KARADENİZ,Uğurludağ,78,312,Ağış,U,8348,Pekşen,K,312
Çorum,KARADENİZ,Sungurlu,79,313,Ağkız,K,8348,Pekşen,K,313
Çorum,KARADENİZ,Sungurlu,79,314,Ağnak,E,8348,Pekşen,K,314
Çorum,KARADENİZ,Sungurlu,79,315,Ağyar,E,8348,Pekşen,K,315
Çorum,KARADENİZ,Sungurlu,79,316,Ahen,E,8348,Pekşen,K,316
Çorum,KARADENİZ,Kargı,80,317,Ahenk,K,8348,Pekşen,K,317
Çorum,KARADENİZ,Kargı,80,318,Ahfeş,E,8348,Pekşen,K,318
Çorum,KARADENİZ,Kargı,80,319,Ahıska,E,8348,Pekşen,K,319
Çorum,KARADENİZ,Kargı,80,320,Ahi,E,8348,Pekşen,K,320
Çorum,KARADENİZ,Laçin,81,321,Ahmet,E,8348,Pekşen,K,321
Çorum,KARADENİZ,Laçin,81,322,Ahsen,U,8348,Pekşen,K,322
Çorum,KARADENİZ,Laçin,81,323,Ahter,U,8348,Pekşen,K,323
Çorum,KARADENİZ,Laçin,81,324,Ahu,K,8348,Pekşen,K,324
Çorum,KARADENİZ,Dodurga,82,325,Aişe,K,8348,Pekşen,K,325
Çorum,KARADENİZ,Dodurga,82,326,Ajda,K,8348,Pekşen,K,326
Çorum,KARADENİZ,Dodurga,82,327,Ajlan,E,8348,Pekşen,K,327
Çorum,KARADENİZ,Dodurga,82,328,Ak,K,8348,Pekşen,K,328
Gümüşhane,KARADENİZ,Kelkit,83,329,Aka,E,8348,Pekşen,K,329
Gümüşhane,KARADENİZ,Kelkit,83,330,Akad,E,8348,Pekşen,K,330
Gümüşhane,KARADENİZ,Kelkit,83,331,Akadlı,E,8348,Pekşen,K,331
Gümüşhane,KARADENİZ,Kelkit,83,332,Akağan,E,8348,Pekşen,K,332
Gümüşhane,KARADENİZ,Köse,84,333,Akal,E,8348,Pekşen,K,333
Gümüşhane,KARADENİZ,Köse,84,334,Akalan,E,8348,Pekşen,K,334
Gümüşhane,KARADENİZ,Köse,84,335,Akalın,U,8348,Pekşen,K,335
Gümüşhane,KARADENİZ,Köse,84,336,Akalp,E,8348,Pekşen,K,336
Gümüşhane,KARADENİZ,Torul,85,337,Akaltan,E,8348,Pekşen,K,337
Gümüşhane,KARADENİZ,Torul,85,338,Akan,E,8348,Pekşen,K,338
Gümüşhane,KARADENİZ,Torul,85,339,Akanay,U,8348,Pekşen,K,339
Gümüşhane,KARADENİZ,Torul,85,340,Akaner,E,8348,Pekşen,K,340
Gümüşhane,KARADENİZ,Merkez,86,341,Akansu,E,8348,Pekşen,K,341
Gümüşhane,KARADENİZ,Merkez,86,342,Akant,E,8348,Pekşen,K,342
Gümüşhane,KARADENİZ,Merkez,86,343,Akanyıldız,E,8348,Pekşen,K,343
Gümüşhane,KARADENİZ,Merkez,86,344,Akarca,E,8348,Pekşen,K,344
Gümüşhane,KARADENİZ,Şiran,87,345,Akarçay,E,8348,Pekşen,K,345
Gümüşhane,KARADENİZ,Şiran,87,346,Akarsel,E,8348,Pekşen,K,346
Gümüşhane,KARADENİZ,Şiran,87,347,Akarsu,U,8348,Pekşen,K,347
Gümüşhane,KARADENİZ,Şiran,87,348,Akartuna,E,8348,Pekşen,K,348
Giresun,KARADENİZ,Alucra,88,349,Akartürk,E,8348,Pekşen,K,349
Giresun,KARADENİZ,Alucra,88,350,Akasma,E,8348,Pekşen,K,350
Giresun,KARADENİZ,Alucra,88,351,Akasoy,E,8348,Pekşen,K,351
Giresun,KARADENİZ,Alucra,88,352,Akata,E,8348,Pekşen,K,352
Giresun,KARADENİZ,Keşap,89,353,Akatay,E,8348,Pekşen,K,353
Giresun,KARADENİZ,Keşap,89,354,Akay,U,8348,Pekşen,K,354
Giresun,KARADENİZ,Keşap,89,355,Akaydın,E,8348,Pekşen,K,355
Giresun,KARADENİZ,Keşap,89,356,Akbacı,K,8348,Pekşen,K,356
Giresun,KARADENİZ,Tirebolu,90,357,Akbal,U,8348,Pekşen,K,357
Giresun,KARADENİZ,Tirebolu,90,358,Akbaran,E,8348,Pekşen,K,358
Giresun,KARADENİZ,Tirebolu,90,359,Akbaş,E,8348,Pekşen,K,359
Giresun,KARADENİZ,Tirebolu,90,360,Akbaşak,U,8348,Pekşen,K,360
Giresun,KARADENİZ,Görele,91,361,Akbatu,E,8348,Pekşen,K,361
Giresun,KARADENİZ,Görele,91,362,Akbatur,E,8348,Pekşen,K,362
Giresun,KARADENİZ,Görele,91,363,Akbay,E,8348,Pekşen,K,363
Giresun,KARADENİZ,Görele,91,364,Akbayar,E,8348,Pekşen,K,364
Giresun,KARADENİZ,Eynesil,92,365,Akbek,E,8348,Pekşen,K,365
Giresun,KARADENİZ,Eynesil,92,366,Akbel,E,8348,Pekşen,K,366
Giresun,KARADENİZ,Eynesil,92,367,Akbet,E,8348,Pekşen,K,367
Giresun,KARADENİZ,Eynesil,92,368,Akbey,E,8348,Pekşen,K,368
Karabük,KARADENİZ,Eflani,93,369,Akbil,E,8348,Pekşen,K,369
Karabük,KARADENİZ,Eflani,93,370,Akbilge,E,8348,Pekşen,K,370
Karabük,KARADENİZ,Eflani,93,371,Akboğa,E,8348,Pekşen,K,371
Karabük,KARADENİZ,Eflani,93,372,Akbora,E,8348,Pekşen,K,372
Karabük,KARADENİZ,Yenice,94,373,Akboy,E,8348,Pekşen,K,373
Karabük,KARADENİZ,Yenice,94,374,Akbörü,E,8348,Pekşen,K,374
Karabük,KARADENİZ,Yenice,94,375,Akbudun,E,8348,Pekşen,K,375
Karabük,KARADENİZ,Yenice,94,376,Akbuğ,E,8348,Pekşen,K,376
Karabük,KARADENİZ,Merkez,95,377,Akbulut,E,8348,Pekşen,K,377
Karabük,KARADENİZ,Merkez,95,378,Akburak,E,8348,Pekşen,K,378
Karabük,KARADENİZ,Merkez,95,379,Akburç,E,8348,Pekşen,K,379
Karabük,KARADENİZ,Merkez,95,380,Akburçak,E,8348,Pekşen,K,380
Karabük,KARADENİZ,Ovacık,96,381,Akcan,U,8348,Pekşen,K,381
Karabük,KARADENİZ,Ovacık,96,382,Akcebe,E,8348,Pekşen,K,382
Karabük,KARADENİZ,Ovacık,96,383,Akcivan,E,8348,Pekşen,K,383
Karabük,KARADENİZ,Ovacık,96,384,Akça,U,8348,Pekşen,K,384
Karabük,KARADENİZ,Safranbolu,97,385,Akçael,E,8348,Pekşen,K,385
Karabük,KARADENİZ,Safranbolu,97,386,Akçagül,K,8348,Pekşen,K,386
Karabük,KARADENİZ,Safranbolu,97,387,Akçakan,E,8348,Pekşen,K,387
Karabük,KARADENİZ,Safranbolu,97,388,Akçakaya,E,8348,Pekşen,K,388
Kastamonu,KARADENİZ,Cide,98,389,Akçakıl,E,8348,Pekşen,K,389
Kastamonu,KARADENİZ,Cide,98,390,Akçakoca,E,8348,Pekşen,K,390
Kastamonu,KARADENİZ,Cide,98,391,Akçal,E,8348,Pekşen,K,391
Kastamonu,KARADENİZ,Cide,98,392,Akçalı,E,8348,Pekşen,K,392
Kastamonu,KARADENİZ,İnebolu,99,393,Akçam,E,8348,Pekşen,K,393
Kastamonu,KARADENİZ,İnebolu,99,394,Akçan,E,8348,Pekşen,K,394
Kastamonu,KARADENİZ,İnebolu,99,395,Akçasu,U,8348,Pekşen,K,395
Kastamonu,KARADENİZ,İnebolu,99,396,Akçay,E,8348,Pekşen,K,396
Kastamonu,KARADENİZ,Küre,100,397,Akçer,E,8348,Pekşen,K,397
Kastamonu,KARADENİZ,Küre,100,398,Akçığır,E,8348,Pekşen,K,398
Kastamonu,KARADENİZ,Küre,100,399,Akçıl,U,8348,Pekşen,K,399
Kastamonu,KARADENİZ,Küre,100,400,Akçınar,E,8348,Pekşen,K,400
Kastamonu,KARADENİZ,Hanönü,101,401,Akçiçek,K,8348,Pekşen,K,401
Kastamonu,KARADENİZ,Hanönü,101,402,Akçit,E,8348,Pekşen,K,402
Kastamonu,KARADENİZ,Hanönü,101,403,Akçora,E,8348,Pekşen,K,403
Kastamonu,KARADENİZ,Hanönü,101,404,Akdağ,E,8348,Pekşen,K,404
Kastamonu,KARADENİZ,Seydiler,102,405,Akdal,E,8348,Pekşen,K,405
Kastamonu,KARADENİZ,Seydiler,102,406,Akdamar,E,8348,Pekşen,K,406
Kastamonu,KARADENİZ,Seydiler,102,407,Akdemir,E,8348,Pekşen,K,407
Kastamonu,KARADENİZ,Seydiler,102,408,Akdeniz,E,8348,Pekşen,K,408
Ordu,KARADENİZ,İkizce,103,409,Akdes,U,8348,Pekşen,K,409
Ordu,KARADENİZ,İkizce,103,410,Akdik,E,8348,Pekşen,K,410
Ordu,KARADENİZ,İkizce,103,411,Akdiken,E,8348,Pekşen,K,411
Ordu,KARADENİZ,İkizce,103,412,Akdil,E,8348,Pekşen,K,412
Ordu,KARADENİZ,Kabadüz,104,413,Akdoğ,E,8348,Pekşen,K,413
Ordu,KARADENİZ,Kabadüz,104,414,Akdoğan,E,8348,Pekşen,K,414
Ordu,KARADENİZ,Kabadüz,104,415,Akdoğdu,E,8348,Pekşen,K,415
Ordu,KARADENİZ,Kabadüz,104,416,Akdoğmuş,E,8348,Pekşen,K,416
Ordu,KARADENİZ,Kabataş,105,417,Akdoğu,E,8348,Pekşen,K,417
Ordu,KARADENİZ,Kabataş,105,418,Akdolun,K,8348,Pekşen,K,418
Ordu,KARADENİZ,Kabataş,105,419,Akdora,E,8348,Pekşen,K,419
Ordu,KARADENİZ,Kabataş,105,420,Akdoru,E,8348,Pekşen,K,420
Ordu,KARADENİZ,Korgan,106,421,Akdoruk,E,8348,Pekşen,K,421
Ordu,KARADENİZ,Korgan,106,422,Akdöl,E,8348,Pekşen,K,422
Ordu,KARADENİZ,Korgan,106,423,Akduman,E,8348,Pekşen,K,423
Ordu,KARADENİZ,Korgan,106,424,Akdur,E,8348,Pekşen,K,424
Ordu,KARADENİZ,Kumru,107,425,Akdurmuş,E,8348,Pekşen,K,425
Ordu,KARADENİZ,Kumru,107,426,Akel,U,8348,Pekşen,K,426
Ordu,KARADENİZ,Kumru,107,427,Aker,E,8348,Pekşen,K,427
Ordu,KARADENİZ,Kumru,107,428,Akergin,E,8348,Pekşen,K,428
Rize,KARADENİZ,Pazar,108,429,Akerman,E,8348,Pekşen,K,429
Rize,KARADENİZ,Pazar,108,430,Akersan,E,8348,Pekşen,K,430
Rize,KARADENİZ,Pazar,108,431,Akersoy,E,8348,Pekşen,K,431
Rize,KARADENİZ,Pazar,108,432,Akgil,E,8348,Pekşen,K,432
Rize,KARADENİZ,Kalkandere,109,433,Akgiray,E,8348,Pekşen,K,433
Rize,KARADENİZ,Kalkandere,109,434,Akgöl,E,8348,Pekşen,K,434
Rize,KARADENİZ,Kalkandere,109,435,Akgöze,E,8348,Pekşen,K,435
Rize,KARADENİZ,Kalkandere,109,436,Akgüç,E,8348,Pekşen,K,436
Rize,KARADENİZ,İyidere,110,437,Akgül,K,8348,Pekşen,K,437
Rize,KARADENİZ,İyidere,110,438,Akgün,E,8348,Pekşen,K,438
Rize,KARADENİZ,İyidere,110,439,Akgündüz,E,8348,Pekşen,K,439
Rize,KARADENİZ,İyidere,110,440,Akgüner,E,8348,Pekşen,K,440
Rize,KARADENİZ,İkizdere,111,441,Akgüneş,U,8348,Pekşen,K,441
Rize,KARADENİZ,İkizdere,111,442,Akgüngör,U,8348,Pekşen,K,442
Rize,KARADENİZ,İkizdere,111,443,Akhan,E,8348,Pekşen,K,443
Rize,KARADENİZ,İkizdere,111,444,Akhanım,K,8348,Pekşen,K,444
Rize,KARADENİZ,Çayeli,112,445,Akhun,E,8348,Pekşen,K,445
Rize,KARADENİZ,Çayeli,112,446,Akı,E,8348,Pekşen,K,446
Rize,KARADENİZ,Çayeli,112,447,Akıalp,E,8348,Pekşen,K,447
Rize,KARADENİZ,Çayeli,112,448,Akıl,E,8348,Pekşen,K,448
Samsun,KARADENİZ,Yakakent,113,449,Akılbek,E,8348,Pekşen,K,449
Samsun,KARADENİZ,Yakakent,113,450,Akıllı,E,8348,Pekşen,K,450
Samsun,KARADENİZ,Yakakent,113,451,Akıman,E,8348,Pekşen,K,451
Samsun,KARADENİZ,Yakakent,113,452,Akın,E,8348,Pekşen,K,452
Samsun,KARADENİZ,Vezirköprü,114,453,Akınal,E,8348,Pekşen,K,453
Samsun,KARADENİZ,Vezirköprü,114,454,Akınalp,E,8348,Pekşen,K,454
Samsun,KARADENİZ,Vezirköprü,114,455,Akıncı,E,8348,Pekşen,K,455
Samsun,KARADENİZ,Vezirköprü,114,456,Akıncıbay,E,8348,Pekşen,K,456
Samsun,KARADENİZ,Terme,115,457,Akıner,E,8348,Pekşen,K,457
Samsun,KARADENİZ,Terme,115,458,Akıneri,E,8348,Pekşen,K,458
Samsun,KARADENİZ,Terme,115,459,Akıntan,E,8348,Pekşen,K,459
Samsun,KARADENİZ,Terme,115,460,Akibe,K,8348,Pekşen,K,460
Samsun,KARADENİZ,Tekkeköy,116,461,Akide,K,8348,Pekşen,K,461
Samsun,KARADENİZ,Tekkeköy,116,462,Akif,E,8348,Pekşen,K,462
Samsun,KARADENİZ,Tekkeköy,116,463,Akife,K,8348,Pekşen,K,463
Samsun,KARADENİZ,Tekkeköy,116,464,Akil,E,8348,Pekşen,K,464
Samsun,KARADENİZ,İlkadım,117,465,Akile,K,8348,Pekşen,K,465
Samsun,KARADENİZ,İlkadım,117,466,Akinci,K,8348,Pekşen,K,466
Samsun,KARADENİZ,İlkadım,117,467,Akip,E,8348,Pekşen,K,467
Samsun,KARADENİZ,İlkadım,117,468,Akipek,K,8348,Pekşen,K,468
Sinop,KARADENİZ,Türkeli,118,469,Akkadın,K,8348,Pekşen,K,469
Sinop,KARADENİZ,Türkeli,118,470,Akkan,E,8348,Pekşen,K,470
Sinop,KARADENİZ,Türkeli,118,471,Akkar,K,8348,Pekşen,K,471
Sinop,KARADENİZ,Türkeli,118,472,Akkaş,E,8348,Pekşen,K,472
Sinop,KARADENİZ,Saraydüzü,119,473,Akkaya,E,8348,Pekşen,K,473
Sinop,KARADENİZ,Saraydüzü,119,474,Akkaynak,E,8348,Pekşen,K,474
Sinop,KARADENİZ,Saraydüzü,119,475,Akkemik,E,8348,Pekşen,K,475
Sinop,KARADENİZ,Saraydüzü,119,476,Akkerman,E,8348,Pekşen,K,476
Sinop,KARADENİZ,Gerze,120,477,Akkılıç,E,8348,Pekşen,K,477
Sinop,KARADENİZ,Gerze,120,478,Akkın,E,8348,Pekşen,K,478
Sinop,KARADENİZ,Gerze,120,479,Akkız,K,8348,Pekşen,K,479
Sinop,KARADENİZ,Gerze,120,480,Akkor,K,8348,Pekşen,K,480
Sinop,KARADENİZ,Erfelek,121,481,Akköz,E,8348,Pekşen,K,481
Sinop,KARADENİZ,Erfelek,121,482,Akkurt,E,8348,Pekşen,K,482
Sinop,KARADENİZ,Erfelek,121,483,Akkuş,E,8348,Pekşen,K,483
Sinop,KARADENİZ,Erfelek,121,484,Akkutlu,K,8348,Pekşen,K,484
Sinop,KARADENİZ,Durağan,122,485,Akkuyaş,E,8348,Pekşen,K,485
Sinop,KARADENİZ,Durağan,122,486,Aklan,E,8348,Pekşen,K,486
Sinop,KARADENİZ,Durağan,122,487,Akmaç,E,8348,Pekşen,K,487
Sinop,KARADENİZ,Durağan,122,488,Akman,E,8348,Pekşen,K,488
Tokat,KARADENİZ,Zile,123,489,Akmanalp,E,8348,Pekşen,K,489
Tokat,KARADENİZ,Zile,123,490,Akmaner,E,8348,Pekşen,K,490
Tokat,KARADENİZ,Zile,123,491,Akmaral,K,8348,Pekşen,K,491
Tokat,KARADENİZ,Zile,123,492,Akmeriç,E,8348,Pekşen,K,492
Tokat,KARADENİZ,Yeşilyurt,124,493,Aknur,K,8348,Pekşen,K,493
Tokat,KARADENİZ,Yeşilyurt,124,494,Akol,K,8348,Pekşen,K,494
Tokat,KARADENİZ,Yeşilyurt,124,495,Akozan,E,8348,Pekşen,K,495
Tokat,KARADENİZ,Yeşilyurt,124,496,Akönder,E,8348,Pekşen,K,496
Tokat,KARADENİZ,Turhal,125,497,Akören,E,8348,Pekşen,K,497
Tokat,KARADENİZ,Turhal,125,498,Aköz,E,8348,Pekşen,K,498
Tokat,KARADENİZ,Turhal,125,499,Akpay,E,8348,Pekşen,K,499
Tokat,KARADENİZ,Turhal,125,500,Akpınar,U,8348,Pekşen,K,500
Tokat,KARADENİZ,Erbaa,126,251,Adıyahşi,E,8349,Pelin,K,501
Tokat,KARADENİZ,Erbaa,126,252,Adıyaman,E,8349,Pelin,K,502
Tokat,KARADENİZ,Erbaa,126,253,Adil,E,8349,Pelin,K,503
Tokat,KARADENİZ,Erbaa,126,254,Adile,K,8349,Pelin,K,504
Tokat,KARADENİZ,Sulusaray,127,255,Adilhan,E,8349,Pelin,K,505
Tokat,KARADENİZ,Sulusaray,127,256,Adlan,E,8349,Pelin,K,506
Tokat,KARADENİZ,Sulusaray,127,257,Adlı,E,8349,Pelin,K,507
Tokat,KARADENİZ,Sulusaray,127,258,Adlığ,E,8349,Pelin,K,508
Trabzon,KARADENİZ,Yomra,128,259,Adli,E,8349,Pelin,K,509
Trabzon,KARADENİZ,Yomra,128,260,Adnan,E,8349,Pelin,K,510
Trabzon,KARADENİZ,Yomra,128,261,Adni,E,8349,Pelin,K,511
Trabzon,KARADENİZ,Yomra,128,262,Adniye,K,8349,Pelin,K,512
Trabzon,KARADENİZ,Vakfıkebir,129,263,Adsız,E,8349,Pelin,K,513
Trabzon,KARADENİZ,Vakfıkebir,129,264,Adsoy,E,8349,Pelin,K,514
Trabzon,KARADENİZ,Vakfıkebir,129,265,Adviye,K,8349,Pelin,K,515
Trabzon,KARADENİZ,Vakfıkebir,129,266,Afacan,E,8349,Pelin,K,516
Trabzon,KARADENİZ,Of,130,267,Afak,U,8349,Pelin,K,517
Trabzon,KARADENİZ,Of,130,268,Afer,E,8349,Pelin,K,518
Trabzon,KARADENİZ,Of,130,269,Afet,K,8349,Pelin,K,519
Trabzon,KARADENİZ,Of,130,270,Affan,U,8349,Pelin,K,520
Trabzon,KARADENİZ,Şalpazarı,131,271,Afi,K,8349,Pelin,K,521
Trabzon,KARADENİZ,Şalpazarı,131,272,Afif,E,8349,Pelin,K,522
Trabzon,KARADENİZ,Şalpazarı,131,273,Afife,K,8349,Pelin,K,523
Trabzon,KARADENİZ,Şalpazarı,131,274,Afitap,K,8349,Pelin,K,524
Trabzon,KARADENİZ,Maçka,132,275,Afiye,K,8349,Pelin,K,525
Trabzon,KARADENİZ,Maçka,132,276,Afiyet,K,8349,Pelin,K,526
Trabzon,KARADENİZ,Maçka,132,277,Afra,K,8349,Pelin,K,527
Trabzon,KARADENİZ,Maçka,132,278,Afşar,E,8349,Pelin,K,528
Zonguldak,KARADENİZ,Kozlu,133,279,Afşin,E,8349,Pelin,K,529
Zonguldak,KARADENİZ,Kozlu,133,280,Agâh,E,8349,Pelin,K,530
Zonguldak,KARADENİZ,Kozlu,133,281,Agil,E,8349,Pelin,K,531
Zonguldak,KARADENİZ,Kozlu,133,282,Aguş,K,8349,Pelin,K,532
Zonguldak,KARADENİZ,Kilimli,134,283,Ağa,E,8349,Pelin,K,533
Zonguldak,KARADENİZ,Kilimli,134,284,Ağacan,E,8349,Pelin,K,534
Zonguldak,KARADENİZ,Kilimli,134,285,Ağahan,E,8349,Pelin,K,535
Zonguldak,KARADENİZ,Kilimli,134,286,Ağahanım,K,8349,Pelin,K,536
Zonguldak,KARADENİZ,Çaycuma,135,287,Ağahatun,K,8349,Pelin,K,537
Zonguldak,KARADENİZ,Çaycuma,135,288,Ağakan,E,8349,Pelin,K,538
Zonguldak,KARADENİZ,Çaycuma,135,289,Ağakatun,K,8349,Pelin,K,539
Zonguldak,KARADENİZ,Çaycuma,135,290,Ağan,U,8349,Pelin,K,540
Zonguldak,KARADENİZ,Ereğli,136,291,Ağanbegim,K,8349,Pelin,K,541
Zonguldak,KARADENİZ,Ereğli,136,292,Ağanbegüm,K,8349,Pelin,K,542
Zonguldak,KARADENİZ,Ereğli,136,293,Ağanbike,K,8349,Pelin,K,543
Zonguldak,KARADENİZ,Ereğli,136,294,Ağanbüke,K,8349,Pelin,K,544
Zonguldak,KARADENİZ,Gökçebey,137,295,Ağaner,E,8349,Pelin,K,545
Zonguldak,KARADENİZ,Gökçebey,137,296,Ağaoğlu,E,8349,Pelin,K,546
Zonguldak,KARADENİZ,Gökçebey,137,297,Ağar,E,8349,Pelin,K,547
Zonguldak,KARADENİZ,Gökçebey,137,298,Ağarantan,E,8349,Pelin,K,548
Ankara,İÇ-ANADOLU,Mamak,138,299,Ağaverdi,E,8349,Pelin,K,549
Ankara,İÇ-ANADOLU,Mamak,138,300,Ağbacı,K,8349,Pelin,K,550
Ankara,İÇ-ANADOLU,Mamak,138,301,Ağbegim,K,8349,Pelin,K,551
Ankara,İÇ-ANADOLU,Mamak,138,302,Ağbegüm,K,8349,Pelin,K,552
Ankara,İÇ-ANADOLU,Keçiören,139,303,Ağbet,K,8349,Pelin,K,553
Ankara,İÇ-ANADOLU,Keçiören,139,304,Ağbilek,K,8349,Pelin,K,554
Ankara,İÇ-ANADOLU,Keçiören,139,305,Ağca,U,8349,Pelin,K,555
Ankara,İÇ-ANADOLU,Keçiören,139,306,Ağça,K,8349,Pelin,K,556
Ankara,İÇ-ANADOLU,Etimesgut,140,307,Ağçelik,E,8349,Pelin,K,557
Ankara,İÇ-ANADOLU,Etimesgut,140,308,Ağer,E,8349,Pelin,K,558
Ankara,İÇ-ANADOLU,Etimesgut,140,309,Ağgül,K,8349,Pelin,K,559
Ankara,İÇ-ANADOLU,Etimesgut,140,310,Ağın,E,8349,Pelin,K,560
Ankara,İÇ-ANADOLU,Evren,141,311,Ağırtaş,E,8349,Pelin,K,561
Ankara,İÇ-ANADOLU,Evren,141,312,Ağış,U,8349,Pelin,K,562
Ankara,İÇ-ANADOLU,Evren,141,313,Ağkız,K,8349,Pelin,K,563
Ankara,İÇ-ANADOLU,Evren,141,314,Ağnak,E,8349,Pelin,K,564
Ankara,İÇ-ANADOLU,Güdül,142,315,Ağyar,E,8349,Pelin,K,565
Ankara,İÇ-ANADOLU,Güdül,142,316,Ahen,E,8349,Pelin,K,566
Ankara,İÇ-ANADOLU,Güdül,142,317,Ahenk,K,8349,Pelin,K,567
Ankara,İÇ-ANADOLU,Güdül,142,318,Ahfeş,E,8349,Pelin,K,568
Konya,İÇ-ANADOLU,Yunak,143,319,Ahıska,E,8349,Pelin,K,569
Konya,İÇ-ANADOLU,Yunak,143,320,Ahi,E,8349,Pelin,K,570
Konya,İÇ-ANADOLU,Yunak,143,321,Ahmet,E,8349,Pelin,K,571
Konya,İÇ-ANADOLU,Yunak,143,322,Ahsen,U,8349,Pelin,K,572
Konya,İÇ-ANADOLU,Yalıhüyük,144,323,Ahter,U,8349,Pelin,K,573
Konya,İÇ-ANADOLU,Yalıhüyük,144,324,Ahu,K,8349,Pelin,K,574
Konya,İÇ-ANADOLU,Yalıhüyük,144,325,Aişe,K,8349,Pelin,K,575
Konya,İÇ-ANADOLU,Yalıhüyük,144,326,Ajda,K,8349,Pelin,K,576
Konya,İÇ-ANADOLU,Seydişehir,145,327,Ajlan,E,8349,Pelin,K,577
Konya,İÇ-ANADOLU,Seydişehir,145,328,Ak,K,8349,Pelin,K,578
Konya,İÇ-ANADOLU,Seydişehir,145,329,Aka,E,8349,Pelin,K,579
Konya,İÇ-ANADOLU,Seydişehir,145,330,Akad,E,8349,Pelin,K,580
Konya,İÇ-ANADOLU,Meram,146,331,Akadlı,E,8349,Pelin,K,581
Konya,İÇ-ANADOLU,Meram,146,332,Akağan,E,8349,Pelin,K,582
Konya,İÇ-ANADOLU,Meram,146,333,Akal,E,8349,Pelin,K,583
Konya,İÇ-ANADOLU,Meram,146,334,Akalan,E,8349,Pelin,K,584
Konya,İÇ-ANADOLU,Kulu,147,335,Akalın,U,8349,Pelin,K,585
Konya,İÇ-ANADOLU,Kulu,147,336,Akalp,E,8349,Pelin,K,586
Konya,İÇ-ANADOLU,Kulu,147,337,Akaltan,E,8349,Pelin,K,587
Konya,İÇ-ANADOLU,Kulu,147,338,Akan,E,8349,Pelin,K,588
Kayseri,İÇ-ANADOLU,Yeşilhisar,148,339,Akanay,U,8349,Pelin,K,589
Kayseri,İÇ-ANADOLU,Yeşilhisar,148,340,Akaner,E,8349,Pelin,K,590
Kayseri,İÇ-ANADOLU,Yeşilhisar,148,341,Akansu,E,8349,Pelin,K,591
Kayseri,İÇ-ANADOLU,Yeşilhisar,148,342,Akant,E,8349,Pelin,K,592
Kayseri,İÇ-ANADOLU,Yahyalı,149,343,Akanyıldız,E,8349,Pelin,K,593
Kayseri,İÇ-ANADOLU,Yahyalı,149,344,Akarca,E,8349,Pelin,K,594
Kayseri,İÇ-ANADOLU,Yahyalı,149,345,Akarçay,E,8349,Pelin,K,595
Kayseri,İÇ-ANADOLU,Yahyalı,149,346,Akarsel,E,8349,Pelin,K,596
Kayseri,İÇ-ANADOLU,Tomarza,150,347,Akarsu,U,8349,Pelin,K,597
Kayseri,İÇ-ANADOLU,Tomarza,150,348,Akartuna,E,8349,Pelin,K,598
Kayseri,İÇ-ANADOLU,Tomarza,150,349,Akartürk,E,8349,Pelin,K,599
Kayseri,İÇ-ANADOLU,Tomarza,150,350,Akasma,E,8349,Pelin,K,600
Kayseri,İÇ-ANADOLU,Sarız,151,351,Akasoy,E,8349,Pelin,K,601
Kayseri,İÇ-ANADOLU,Sarız,151,352,Akata,E,8349,Pelin,K,602
Kayseri,İÇ-ANADOLU,Sarız,151,353,Akatay,E,8349,Pelin,K,603
Kayseri,İÇ-ANADOLU,Sarız,151,354,Akay,U,8349,Pelin,K,604
Kayseri,İÇ-ANADOLU,İncesu,152,355,Akaydın,E,8349,Pelin,K,605
Kayseri,İÇ-ANADOLU,İncesu,152,356,Akbacı,K,8349,Pelin,K,606
Kayseri,İÇ-ANADOLU,İncesu,152,357,Akbal,U,8349,Pelin,K,607
Kayseri,İÇ-ANADOLU,İncesu,152,358,Akbaran,E,8349,Pelin,K,608
Eskişehir,İÇ-ANADOLU,Tepebaşı,153,359,Akbaş,E,8349,Pelin,K,609
Eskişehir,İÇ-ANADOLU,Tepebaşı,153,360,Akbaşak,U,8349,Pelin,K,610
Eskişehir,İÇ-ANADOLU,Tepebaşı,153,361,Akbatu,E,8349,Pelin,K,611
Eskişehir,İÇ-ANADOLU,Tepebaşı,153,362,Akbatur,E,8349,Pelin,K,612
Eskişehir,İÇ-ANADOLU,Sivrihisar,154,363,Akbay,E,8349,Pelin,K,613
Eskişehir,İÇ-ANADOLU,Sivrihisar,154,364,Akbayar,E,8349,Pelin,K,614
Eskişehir,İÇ-ANADOLU,Sivrihisar,154,365,Akbek,E,8349,Pelin,K,615
Eskişehir,İÇ-ANADOLU,Sivrihisar,154,366,Akbel,E,8349,Pelin,K,616
Eskişehir,İÇ-ANADOLU,Seyitgazi,155,367,Akbet,E,8349,Pelin,K,617
Eskişehir,İÇ-ANADOLU,Seyitgazi,155,368,Akbey,E,8349,Pelin,K,618
Eskişehir,İÇ-ANADOLU,Seyitgazi,155,369,Akbil,E,8349,Pelin,K,619
Eskişehir,İÇ-ANADOLU,Seyitgazi,155,370,Akbilge,E,8349,Pelin,K,620
Eskişehir,İÇ-ANADOLU,Sarıcakaya,156,371,Akboğa,E,8349,Pelin,K,621
Eskişehir,İÇ-ANADOLU,Sarıcakaya,156,372,Akbora,E,8349,Pelin,K,622
Eskişehir,İÇ-ANADOLU,Sarıcakaya,156,373,Akboy,E,8349,Pelin,K,623
Eskişehir,İÇ-ANADOLU,Sarıcakaya,156,374,Akbörü,E,8349,Pelin,K,624
Eskişehir,İÇ-ANADOLU,Odunpazarı,157,375,Akbudun,E,8349,Pelin,K,625
Eskişehir,İÇ-ANADOLU,Odunpazarı,157,376,Akbuğ,E,8349,Pelin,K,626
Eskişehir,İÇ-ANADOLU,Odunpazarı,157,377,Akbulut,E,8349,Pelin,K,627
Eskişehir,İÇ-ANADOLU,Odunpazarı,157,378,Akburak,E,8349,Pelin,K,628
Sivas,İÇ-ANADOLU,Zara,158,379,Akburç,E,8349,Pelin,K,629
Sivas,İÇ-ANADOLU,Zara,158,380,Akburçak,E,8349,Pelin,K,630
Sivas,İÇ-ANADOLU,Zara,158,381,Akcan,U,8349,Pelin,K,631
Sivas,İÇ-ANADOLU,Zara,158,382,Akcebe,E,8349,Pelin,K,632
Sivas,İÇ-ANADOLU,Yıldızeli,159,383,Akcivan,E,8349,Pelin,K,633
Sivas,İÇ-ANADOLU,Yıldızeli,159,384,Akça,U,8349,Pelin,K,634
Sivas,İÇ-ANADOLU,Yıldızeli,159,385,Akçael,E,8349,Pelin,K,635
Sivas,İÇ-ANADOLU,Yıldızeli,159,386,Akçagül,K,8349,Pelin,K,636
Sivas,İÇ-ANADOLU,Ulaş,160,387,Akçakan,E,8349,Pelin,K,637
Sivas,İÇ-ANADOLU,Ulaş,160,388,Akçakaya,E,8349,Pelin,K,638
Sivas,İÇ-ANADOLU,Ulaş,160,389,Akçakıl,E,8349,Pelin,K,639
Sivas,İÇ-ANADOLU,Ulaş,160,390,Akçakoca,E,8349,Pelin,K,640
Sivas,İÇ-ANADOLU,Şarkışla,161,391,Akçal,E,8349,Pelin,K,641
Sivas,İÇ-ANADOLU,Şarkışla,161,392,Akçalı,E,8349,Pelin,K,642
Sivas,İÇ-ANADOLU,Şarkışla,161,393,Akçam,E,8349,Pelin,K,643
Sivas,İÇ-ANADOLU,Şarkışla,161,394,Akçan,E,8349,Pelin,K,644
Sivas,İÇ-ANADOLU,Suşehri,162,395,Akçasu,U,8349,Pelin,K,645
Sivas,İÇ-ANADOLU,Suşehri,162,396,Akçay,E,8349,Pelin,K,646
Sivas,İÇ-ANADOLU,Suşehri,162,397,Akçer,E,8349,Pelin,K,647
Sivas,İÇ-ANADOLU,Suşehri,162,398,Akçığır,E,8349,Pelin,K,648
Kırıkkale,İÇ-ANADOLU,Yahşihan,163,399,Akçıl,U,8349,Pelin,K,649
Kırıkkale,İÇ-ANADOLU,Yahşihan,163,400,Akçınar,E,8349,Pelin,K,650
Kırıkkale,İÇ-ANADOLU,Yahşihan,163,401,Akçiçek,K,8349,Pelin,K,651
Kırıkkale,İÇ-ANADOLU,Yahşihan,163,402,Akçit,E,8349,Pelin,K,652
Kırıkkale,İÇ-ANADOLU,Sulakyurt,164,403,Akçora,E,8349,Pelin,K,653
Kırıkkale,İÇ-ANADOLU,Sulakyurt,164,404,Akdağ,E,8349,Pelin,K,654
Kırıkkale,İÇ-ANADOLU,Sulakyurt,164,405,Akdal,E,8349,Pelin,K,655
Kırıkkale,İÇ-ANADOLU,Sulakyurt,164,406,Akdamar,E,8349,Pelin,K,656
Kırıkkale,İÇ-ANADOLU,Keskin,165,407,Akdemir,E,8349,Pelin,K,657
Kırıkkale,İÇ-ANADOLU,Keskin,165,408,Akdeniz,E,8349,Pelin,K,658
Kırıkkale,İÇ-ANADOLU,Keskin,165,409,Akdes,U,8349,Pelin,K,659
Kırıkkale,İÇ-ANADOLU,Keskin,165,410,Akdik,E,8349,Pelin,K,660
Kırıkkale,İÇ-ANADOLU,Çelebi,166,411,Akdiken,E,8349,Pelin,K,661
Kırıkkale,İÇ-ANADOLU,Çelebi,166,412,Akdil,E,8349,Pelin,K,662
Kırıkkale,İÇ-ANADOLU,Çelebi,166,413,Akdoğ,E,8349,Pelin,K,663
Kırıkkale,İÇ-ANADOLU,Çelebi,166,414,Akdoğan,E,8349,Pelin,K,664
Kırıkkale,İÇ-ANADOLU,Karakeçili,167,415,Akdoğdu,E,8349,Pelin,K,665
Kırıkkale,İÇ-ANADOLU,Karakeçili,167,416,Akdoğmuş,E,8349,Pelin,K,666
Kırıkkale,İÇ-ANADOLU,Karakeçili,167,417,Akdoğu,E,8349,Pelin,K,667
Kırıkkale,İÇ-ANADOLU,Karakeçili,167,418,Akdolun,K,8349,Pelin,K,668
Aksaray,İÇ-ANADOLU,Sultanhanı,168,419,Akdora,E,8349,Pelin,K,669
Aksaray,İÇ-ANADOLU,Sultanhanı,168,420,Akdoru,E,8349,Pelin,K,670
Aksaray,İÇ-ANADOLU,Sultanhanı,168,421,Akdoruk,E,8349,Pelin,K,671
Aksaray,İÇ-ANADOLU,Sultanhanı,168,422,Akdöl,E,8349,Pelin,K,672
Aksaray,İÇ-ANADOLU,Sarıyahşi,169,423,Akduman,E,8349,Pelin,K,673
Aksaray,İÇ-ANADOLU,Sarıyahşi,169,424,Akdur,E,8349,Pelin,K,674
Aksaray,İÇ-ANADOLU,Sarıyahşi,169,425,Akdurmuş,E,8349,Pelin,K,675
Aksaray,İÇ-ANADOLU,Sarıyahşi,169,426,Akel,U,8349,Pelin,K,676
Aksaray,İÇ-ANADOLU,Ortaköy,170,427,Aker,E,8349,Pelin,K,677
Aksaray,İÇ-ANADOLU,Ortaköy,170,428,Akergin,E,8349,Pelin,K,678
Aksaray,İÇ-ANADOLU,Ortaköy,170,429,Akerman,E,8349,Pelin,K,679
Aksaray,İÇ-ANADOLU,Ortaköy,170,430,Akersan,E,8349,Pelin,K,680
Aksaray,İÇ-ANADOLU,Güzelyurt,171,431,Akersoy,E,8349,Pelin,K,681
Aksaray,İÇ-ANADOLU,Güzelyurt,171,432,Akgil,E,8349,Pelin,K,682
Aksaray,İÇ-ANADOLU,Güzelyurt,171,433,Akgiray,E,8349,Pelin,K,683
Aksaray,İÇ-ANADOLU,Güzelyurt,171,434,Akgöl,E,8349,Pelin,K,684
Aksaray,İÇ-ANADOLU,Merkez,172,435,Akgöze,E,8349,Pelin,K,685
Aksaray,İÇ-ANADOLU,Merkez,172,436,Akgüç,E,8349,Pelin,K,686
Aksaray,İÇ-ANADOLU,Merkez,172,437,Akgül,K,8349,Pelin,K,687
Aksaray,İÇ-ANADOLU,Merkez,172,438,Akgün,E,8349,Pelin,K,688
Karaman,İÇ-ANADOLU,Ayrancı,173,439,Akgündüz,E,8349,Pelin,K,689
Karaman,İÇ-ANADOLU,Ayrancı,173,440,Akgüner,E,8349,Pelin,K,690
Karaman,İÇ-ANADOLU,Ayrancı,173,441,Akgüneş,U,8349,Pelin,K,691
Karaman,İÇ-ANADOLU,Ayrancı,173,442,Akgüngör,U,8349,Pelin,K,692
Karaman,İÇ-ANADOLU,Başyayla,174,443,Akhan,E,8349,Pelin,K,693
Karaman,İÇ-ANADOLU,Başyayla,174,444,Akhanım,K,8349,Pelin,K,694
Karaman,İÇ-ANADOLU,Başyayla,174,445,Akhun,E,8349,Pelin,K,695
Karaman,İÇ-ANADOLU,Başyayla,174,446,Akı,E,8349,Pelin,K,696
Karaman,İÇ-ANADOLU,Ermenek,175,447,Akıalp,E,8349,Pelin,K,697
Karaman,İÇ-ANADOLU,Ermenek,175,448,Akıl,E,8349,Pelin,K,698
Karaman,İÇ-ANADOLU,Ermenek,175,449,Akılbek,E,8349,Pelin,K,699
Karaman,İÇ-ANADOLU,Ermenek,175,450,Akıllı,E,8349,Pelin,K,700
Karaman,İÇ-ANADOLU,Kazımkarabekir,176,451,Akıman,E,8349,Pelin,K,701
Karaman,İÇ-ANADOLU,Kazımkarabekir,176,452,Akın,E,8349,Pelin,K,702
Karaman,İÇ-ANADOLU,Kazımkarabekir,176,453,Akınal,E,8349,Pelin,K,703
Karaman,İÇ-ANADOLU,Kazımkarabekir,176,454,Akınalp,E,8349,Pelin,K,704
Karaman,İÇ-ANADOLU,Merkez,177,455,Akıncı,E,8349,Pelin,K,705
Karaman,İÇ-ANADOLU,Merkez,177,456,Akıncıbay,E,8349,Pelin,K,706
Karaman,İÇ-ANADOLU,Merkez,177,457,Akıner,E,8349,Pelin,K,707
Karaman,İÇ-ANADOLU,Merkez,177,458,Akıneri,E,8349,Pelin,K,708
Kırşehir,İÇ-ANADOLU,Mucur,178,459,Akıntan,E,8349,Pelin,K,709
Kırşehir,İÇ-ANADOLU,Mucur,178,460,Akibe,K,8349,Pelin,K,710
Kırşehir,İÇ-ANADOLU,Mucur,178,461,Akide,K,8349,Pelin,K,711
Kırşehir,İÇ-ANADOLU,Mucur,178,462,Akif,E,8349,Pelin,K,712
Kırşehir,İÇ-ANADOLU,Kaman,179,463,Akife,K,8349,Pelin,K,713
Kırşehir,İÇ-ANADOLU,Kaman,179,464,Akil,E,8349,Pelin,K,714
Kırşehir,İÇ-ANADOLU,Kaman,179,465,Akile,K,8349,Pelin,K,715
Kırşehir,İÇ-ANADOLU,Kaman,179,466,Akinci,K,8349,Pelin,K,716
Kırşehir,İÇ-ANADOLU,Boztepe,180,467,Akip,E,8349,Pelin,K,717
Kırşehir,İÇ-ANADOLU,Boztepe,180,468,Akipek,K,8349,Pelin,K,718
Kırşehir,İÇ-ANADOLU,Boztepe,180,469,Akkadın,K,8349,Pelin,K,719
Kırşehir,İÇ-ANADOLU,Boztepe,180,470,Akkan,E,8349,Pelin,K,720
Kırşehir,İÇ-ANADOLU,Çiçekdağı,181,471,Akkar,K,8349,Pelin,K,721
Kırşehir,İÇ-ANADOLU,Çiçekdağı,181,472,Akkaş,E,8349,Pelin,K,722
Kırşehir,İÇ-ANADOLU,Çiçekdağı,181,473,Akkaya,E,8349,Pelin,K,723
Kırşehir,İÇ-ANADOLU,Çiçekdağı,181,474,Akkaynak,E,8349,Pelin,K,724
Kırşehir,İÇ-ANADOLU,Kaman,182,475,Akkemik,E,8349,Pelin,K,725
Kırşehir,İÇ-ANADOLU,Kaman,182,476,Akkerman,E,8349,Pelin,K,726
Kırşehir,İÇ-ANADOLU,Kaman,182,477,Akkılıç,E,8349,Pelin,K,727
Kırşehir,İÇ-ANADOLU,Kaman,182,478,Akkın,E,8349,Pelin,K,728
Niğde,İÇ-ANADOLU,Altunhisar,183,479,Akkız,K,8349,Pelin,K,729
Niğde,İÇ-ANADOLU,Altunhisar,183,480,Akkor,K,8349,Pelin,K,730
Niğde,İÇ-ANADOLU,Altunhisar,183,481,Akköz,E,8349,Pelin,K,731
Niğde,İÇ-ANADOLU,Altunhisar,183,482,Akkurt,E,8349,Pelin,K,732
Niğde,İÇ-ANADOLU,Bor,184,483,Akkuş,E,8349,Pelin,K,733
Niğde,İÇ-ANADOLU,Bor,184,484,Akkutlu,K,8349,Pelin,K,734
Niğde,İÇ-ANADOLU,Bor,184,485,Akkuyaş,E,8349,Pelin,K,735
Niğde,İÇ-ANADOLU,Bor,184,486,Aklan,E,8349,Pelin,K,736
Niğde,İÇ-ANADOLU,Çamardı,185,487,Akmaç,E,8349,Pelin,K,737
Niğde,İÇ-ANADOLU,Çamardı,185,488,Akman,E,8349,Pelin,K,738
Niğde,İÇ-ANADOLU,Çamardı,185,489,Akmanalp,E,8349,Pelin,K,739
Niğde,İÇ-ANADOLU,Çamardı,185,490,Akmaner,E,8349,Pelin,K,740
Niğde,İÇ-ANADOLU,Çiftlik,186,491,Akmaral,K,8349,Pelin,K,741
Niğde,İÇ-ANADOLU,Çiftlik,186,492,Akmeriç,E,8349,Pelin,K,742
Niğde,İÇ-ANADOLU,Çiftlik,186,493,Aknur,K,8349,Pelin,K,743
Niğde,İÇ-ANADOLU,Çiftlik,186,494,Akol,K,8349,Pelin,K,744
Niğde,İÇ-ANADOLU,Ulukışla,187,495,Akozan,E,8349,Pelin,K,745
Niğde,İÇ-ANADOLU,Ulukışla,187,496,Akönder,E,8349,Pelin,K,746
Niğde,İÇ-ANADOLU,Ulukışla,187,497,Akören,E,8349,Pelin,K,747
Niğde,İÇ-ANADOLU,Ulukışla,187,498,Aköz,E,8349,Pelin,K,748
Nevşehir,İÇ-ANADOLU,Derinkuyu,188,499,Akpay,E,8349,Pelin,K,749
Nevşehir,İÇ-ANADOLU,Derinkuyu,188,500,Akpınar,U,8349,Pelin,K,750
Nevşehir,İÇ-ANADOLU,Derinkuyu,188,251,Adıyahşi,E,8350,Pelit,K,751
Nevşehir,İÇ-ANADOLU,Derinkuyu,188,252,Adıyaman,E,8350,Pelit,K,752
Nevşehir,İÇ-ANADOLU,Gülşehir,189,253,Adil,E,8350,Pelit,K,753
Nevşehir,İÇ-ANADOLU,Gülşehir,189,254,Adile,K,8350,Pelit,K,754
Nevşehir,İÇ-ANADOLU,Gülşehir,189,255,Adilhan,E,8350,Pelit,K,755
Nevşehir,İÇ-ANADOLU,Gülşehir,189,256,Adlan,E,8350,Pelit,K,756
Nevşehir,İÇ-ANADOLU,Hacıbektaş,190,257,Adlı,E,8350,Pelit,K,757
Nevşehir,İÇ-ANADOLU,Hacıbektaş,190,258,Adlığ,E,8350,Pelit,K,758
Nevşehir,İÇ-ANADOLU,Hacıbektaş,190,259,Adli,E,8350,Pelit,K,759
Nevşehir,İÇ-ANADOLU,Hacıbektaş,190,260,Adnan,E,8350,Pelit,K,760
Nevşehir,İÇ-ANADOLU,Kozaklı,191,261,Adni,E,8350,Pelit,K,761
Nevşehir,İÇ-ANADOLU,Kozaklı,191,262,Adniye,K,8350,Pelit,K,762
Nevşehir,İÇ-ANADOLU,Kozaklı,191,263,Adsız,E,8350,Pelit,K,763
Nevşehir,İÇ-ANADOLU,Kozaklı,191,264,Adsoy,E,8350,Pelit,K,764
Nevşehir,İÇ-ANADOLU,Ürgüp,192,265,Adviye,K,8350,Pelit,K,765
Nevşehir,İÇ-ANADOLU,Ürgüp,192,266,Afacan,E,8350,Pelit,K,766
Nevşehir,İÇ-ANADOLU,Ürgüp,192,267,Afak,U,8350,Pelit,K,767
Nevşehir,İÇ-ANADOLU,Ürgüp,192,268,Afer,E,8350,Pelit,K,768
Yozgat,İÇ-ANADOLU,Sarıkaya,193,269,Afet,K,8350,Pelit,K,769
Yozgat,İÇ-ANADOLU,Sarıkaya,193,270,Affan,U,8350,Pelit,K,770
Yozgat,İÇ-ANADOLU,Sarıkaya,193,271,Afi,K,8350,Pelit,K,771
Yozgat,İÇ-ANADOLU,Sarıkaya,193,272,Afif,E,8350,Pelit,K,772
Yozgat,İÇ-ANADOLU,Sorgun,194,273,Afife,K,8350,Pelit,K,773
Yozgat,İÇ-ANADOLU,Sorgun,194,274,Afitap,K,8350,Pelit,K,774
Yozgat,İÇ-ANADOLU,Sorgun,194,275,Afiye,K,8350,Pelit,K,775
Yozgat,İÇ-ANADOLU,Sorgun,194,276,Afiyet,K,8350,Pelit,K,776
Yozgat,İÇ-ANADOLU,Şefaatli,195,277,Afra,K,8350,Pelit,K,777
Yozgat,İÇ-ANADOLU,Şefaatli,195,278,Afşar,E,8350,Pelit,K,778
Yozgat,İÇ-ANADOLU,Şefaatli,195,279,Afşin,E,8350,Pelit,K,779
Yozgat,İÇ-ANADOLU,Şefaatli,195,280,Agâh,E,8350,Pelit,K,780
Yozgat,İÇ-ANADOLU,Yenifakılı,196,281,Agil,E,8350,Pelit,K,781
Yozgat,İÇ-ANADOLU,Yenifakılı,196,282,Aguş,K,8350,Pelit,K,782
Yozgat,İÇ-ANADOLU,Yenifakılı,196,283,Ağa,E,8350,Pelit,K,783
Yozgat,İÇ-ANADOLU,Yenifakılı,196,284,Ağacan,E,8350,Pelit,K,784
Yozgat,İÇ-ANADOLU,Yerköy,197,285,Ağahan,E,8350,Pelit,K,785
Yozgat,İÇ-ANADOLU,Yerköy,197,286,Ağahanım,K,8350,Pelit,K,786
Yozgat,İÇ-ANADOLU,Yerköy,197,287,Ağahatun,K,8350,Pelit,K,787
Yozgat,İÇ-ANADOLU,Yerköy,197,288,Ağakan,E,8350,Pelit,K,788
Çankırı,İÇ-ANADOLU,Korgun,198,289,Ağakatun,K,8350,Pelit,K,789
Çankırı,İÇ-ANADOLU,Korgun,198,290,Ağan,U,8350,Pelit,K,790
Çankırı,İÇ-ANADOLU,Korgun,198,291,Ağanbegim,K,8350,Pelit,K,791
Çankırı,İÇ-ANADOLU,Korgun,198,292,Ağanbegüm,K,8350,Pelit,K,792
Çankırı,İÇ-ANADOLU,Kurşunlu,199,293,Ağanbike,K,8350,Pelit,K,793
Çankırı,İÇ-ANADOLU,Kurşunlu,199,294,Ağanbüke,K,8350,Pelit,K,794
Çankırı,İÇ-ANADOLU,Kurşunlu,199,295,Ağaner,E,8350,Pelit,K,795
Çankırı,İÇ-ANADOLU,Kurşunlu,199,296,Ağaoğlu,E,8350,Pelit,K,796
Çankırı,İÇ-ANADOLU,Orta,200,297,Ağar,E,8350,Pelit,K,797
Çankırı,İÇ-ANADOLU,Orta,200,298,Ağarantan,E,8350,Pelit,K,798
Çankırı,İÇ-ANADOLU,Orta,200,299,Ağaverdi,E,8350,Pelit,K,799
Çankırı,İÇ-ANADOLU,Orta,200,300,Ağbacı,K,8350,Pelit,K,800
Çankırı,İÇ-ANADOLU,Şabanözü,201,301,Ağbegim,K,8350,Pelit,K,801
Çankırı,İÇ-ANADOLU,Şabanözü,201,302,Ağbegüm,K,8350,Pelit,K,802
Çankırı,İÇ-ANADOLU,Şabanözü,201,303,Ağbet,K,8350,Pelit,K,803
Çankırı,İÇ-ANADOLU,Şabanözü,201,304,Ağbilek,K,8350,Pelit,K,804
Çankırı,İÇ-ANADOLU,Yapraklı,202,305,Ağca,U,8350,Pelit,K,805
Çankırı,İÇ-ANADOLU,Yapraklı,202,306,Ağça,K,8350,Pelit,K,806
Çankırı,İÇ-ANADOLU,Yapraklı,202,307,Ağçelik,E,8350,Pelit,K,807
Çankırı,İÇ-ANADOLU,Yapraklı,202,308,Ağer,E,8350,Pelit,K,808
Gaziantep,GÜNEYDOĞU-ANADOLU,Nurdağı,203,309,Ağgül,K,8350,Pelit,K,809
Gaziantep,GÜNEYDOĞU-ANADOLU,Nurdağı,203,310,Ağın,E,8350,Pelit,K,810
Gaziantep,GÜNEYDOĞU-ANADOLU,Nurdağı,203,311,Ağırtaş,E,8350,Pelit,K,811
Gaziantep,GÜNEYDOĞU-ANADOLU,Nurdağı,203,312,Ağış,U,8350,Pelit,K,812
Gaziantep,GÜNEYDOĞU-ANADOLU,Oğuzeli,204,313,Ağkız,K,8350,Pelit,K,813
Gaziantep,GÜNEYDOĞU-ANADOLU,Oğuzeli,204,314,Ağnak,E,8350,Pelit,K,814
Gaziantep,GÜNEYDOĞU-ANADOLU,Oğuzeli,204,315,Ağyar,E,8350,Pelit,K,815
Gaziantep,GÜNEYDOĞU-ANADOLU,Oğuzeli,204,316,Ahen,E,8350,Pelit,K,816
Gaziantep,GÜNEYDOĞU-ANADOLU,Şahinbey,205,317,Ahenk,K,8350,Pelit,K,817
Gaziantep,GÜNEYDOĞU-ANADOLU,Şahinbey,205,318,Ahfeş,E,8350,Pelit,K,818
Gaziantep,GÜNEYDOĞU-ANADOLU,Şahinbey,205,319,Ahıska,E,8350,Pelit,K,819
Gaziantep,GÜNEYDOĞU-ANADOLU,Şahinbey,205,320,Ahi,E,8350,Pelit,K,820
Gaziantep,GÜNEYDOĞU-ANADOLU,Şehitkamil,206,321,Ahmet,E,8350,Pelit,K,821
Gaziantep,GÜNEYDOĞU-ANADOLU,Şehitkamil,206,322,Ahsen,U,8350,Pelit,K,822
Gaziantep,GÜNEYDOĞU-ANADOLU,Şehitkamil,206,323,Ahter,U,8350,Pelit,K,823
Gaziantep,GÜNEYDOĞU-ANADOLU,Şehitkamil,206,324,Ahu,K,8350,Pelit,K,824
Gaziantep,GÜNEYDOĞU-ANADOLU,Yavuzeli,207,325,Aişe,K,8350,Pelit,K,825
Gaziantep,GÜNEYDOĞU-ANADOLU,Yavuzeli,207,326,Ajda,K,8350,Pelit,K,826
Gaziantep,GÜNEYDOĞU-ANADOLU,Yavuzeli,207,327,Ajlan,E,8350,Pelit,K,827
Gaziantep,GÜNEYDOĞU-ANADOLU,Yavuzeli,207,328,Ak,K,8350,Pelit,K,828
Diyarbakır,GÜNEYDOĞU-ANADOLU,Kulp,208,329,Aka,E,8350,Pelit,K,829
Diyarbakır,GÜNEYDOĞU-ANADOLU,Kulp,208,330,Akad,E,8350,Pelit,K,830
Diyarbakır,GÜNEYDOĞU-ANADOLU,Kulp,208,331,Akadlı,E,8350,Pelit,K,831
Diyarbakır,GÜNEYDOĞU-ANADOLU,Kulp,208,332,Akağan,E,8350,Pelit,K,832
Diyarbakır,GÜNEYDOĞU-ANADOLU,Lice,209,333,Akal,E,8350,Pelit,K,833
Diyarbakır,GÜNEYDOĞU-ANADOLU,Lice,209,334,Akalan,E,8350,Pelit,K,834
Diyarbakır,GÜNEYDOĞU-ANADOLU,Lice,209,335,Akalın,U,8350,Pelit,K,835
Diyarbakır,GÜNEYDOĞU-ANADOLU,Lice,209,336,Akalp,E,8350,Pelit,K,836
Diyarbakır,GÜNEYDOĞU-ANADOLU,Silvan,210,337,Akaltan,E,8350,Pelit,K,837
Diyarbakır,GÜNEYDOĞU-ANADOLU,Silvan,210,338,Akan,E,8350,Pelit,K,838
Diyarbakır,GÜNEYDOĞU-ANADOLU,Silvan,210,339,Akanay,U,8350,Pelit,K,839
Diyarbakır,GÜNEYDOĞU-ANADOLU,Silvan,210,340,Akaner,E,8350,Pelit,K,840
Diyarbakır,GÜNEYDOĞU-ANADOLU,Sur,211,341,Akansu,E,8350,Pelit,K,841
Diyarbakır,GÜNEYDOĞU-ANADOLU,Sur,211,342,Akant,E,8350,Pelit,K,842
Diyarbakır,GÜNEYDOĞU-ANADOLU,Sur,211,343,Akanyıldız,E,8350,Pelit,K,843
Diyarbakır,GÜNEYDOĞU-ANADOLU,Sur,211,344,Akarca,E,8350,Pelit,K,844
Diyarbakır,GÜNEYDOĞU-ANADOLU,Yenişehir,212,345,Akarçay,E,8350,Pelit,K,845
Diyarbakır,GÜNEYDOĞU-ANADOLU,Yenişehir,212,346,Akarsel,E,8350,Pelit,K,846
Diyarbakır,GÜNEYDOĞU-ANADOLU,Yenişehir,212,347,Akarsu,U,8350,Pelit,K,847
Diyarbakır,GÜNEYDOĞU-ANADOLU,Yenişehir,212,348,Akartuna,E,8350,Pelit,K,848
Şanlıurfa,GÜNEYDOĞU-ANADOLU,Hilvan,213,349,Akartürk,E,8350,Pelit,K,849
Şanlıurfa,GÜNEYDOĞU-ANADOLU,Hilvan,213,350,Akasma,E,8350,Pelit,K,850
Şanlıurfa,GÜNEYDOĞU-ANADOLU,Hilvan,213,351,Akasoy,E,8350,Pelit,K,851
Şanlıurfa,GÜNEYDOĞU-ANADOLU,Hilvan,213,352,Akata,E,8350,Pelit,K,852
Şanlıurfa,GÜNEYDOĞU-ANADOLU,Karaköprü,214,353,Akatay,E,8350,Pelit,K,853
Şanlıurfa,GÜNEYDOĞU-ANADOLU,Karaköprü,214,354,Akay,U,8350,Pelit,K,854
Şanlıurfa,GÜNEYDOĞU-ANADOLU,Karaköprü,214,355,Akaydın,E,8350,Pelit,K,855
Şanlıurfa,GÜNEYDOĞU-ANADOLU,Karaköprü,214,356,Akbacı,K,8350,Pelit,K,856
Şanlıurfa,GÜNEYDOĞU-ANADOLU,Siverek,215,357,Akbal,U,8350,Pelit,K,857
Şanlıurfa,GÜNEYDOĞU-ANADOLU,Siverek,215,358,Akbaran,E,8350,Pelit,K,858
Şanlıurfa,GÜNEYDOĞU-ANADOLU,Siverek,215,359,Akbaş,E,8350,Pelit,K,859
Şanlıurfa,GÜNEYDOĞU-ANADOLU,Siverek,215,360,Akbaşak,U,8350,Pelit,K,860
Şanlıurfa,GÜNEYDOĞU-ANADOLU,Suruç,216,361,Akbatu,E,8350,Pelit,K,861
Şanlıurfa,GÜNEYDOĞU-ANADOLU,Suruç,216,362,Akbatur,E,8350,Pelit,K,862
Şanlıurfa,GÜNEYDOĞU-ANADOLU,Suruç,216,363,Akbay,E,8350,Pelit,K,863
Şanlıurfa,GÜNEYDOĞU-ANADOLU,Suruç,216,364,Akbayar,E,8350,Pelit,K,864
Şanlıurfa,GÜNEYDOĞU-ANADOLU,Viranşehir,217,365,Akbek,E,8350,Pelit,K,865
Şanlıurfa,GÜNEYDOĞU-ANADOLU,Viranşehir,217,366,Akbel,E,8350,Pelit,K,866
Şanlıurfa,GÜNEYDOĞU-ANADOLU,Viranşehir,217,367,Akbet,E,8350,Pelit,K,867
Şanlıurfa,GÜNEYDOĞU-ANADOLU,Viranşehir,217,368,Akbey,E,8350,Pelit,K,868
Batman,GÜNEYDOĞU-ANADOLU,Beşiri,218,369,Akbil,E,8350,Pelit,K,869
Batman,GÜNEYDOĞU-ANADOLU,Beşiri,218,370,Akbilge,E,8350,Pelit,K,870
Batman,GÜNEYDOĞU-ANADOLU,Beşiri,218,371,Akboğa,E,8350,Pelit,K,871
Batman,GÜNEYDOĞU-ANADOLU,Beşiri,218,372,Akbora,E,8350,Pelit,K,872
Batman,GÜNEYDOĞU-ANADOLU,Gercüş,219,373,Akboy,E,8350,Pelit,K,873
Batman,GÜNEYDOĞU-ANADOLU,Gercüş,219,374,Akbörü,E,8350,Pelit,K,874
Batman,GÜNEYDOĞU-ANADOLU,Gercüş,219,375,Akbudun,E,8350,Pelit,K,875
Batman,GÜNEYDOĞU-ANADOLU,Gercüş,219,376,Akbuğ,E,8350,Pelit,K,876
Batman,GÜNEYDOĞU-ANADOLU,Hasankeyf,220,377,Akbulut,E,8350,Pelit,K,877
Batman,GÜNEYDOĞU-ANADOLU,Hasankeyf,220,378,Akburak,E,8350,Pelit,K,878
Batman,GÜNEYDOĞU-ANADOLU,Hasankeyf,220,379,Akburç,E,8350,Pelit,K,879
Batman,GÜNEYDOĞU-ANADOLU,Hasankeyf,220,380,Akburçak,E,8350,Pelit,K,880
Batman,GÜNEYDOĞU-ANADOLU,Kozluk,221,381,Akcan,U,8350,Pelit,K,881
Batman,GÜNEYDOĞU-ANADOLU,Kozluk,221,382,Akcebe,E,8350,Pelit,K,882
Batman,GÜNEYDOĞU-ANADOLU,Kozluk,221,383,Akcivan,E,8350,Pelit,K,883
Batman,GÜNEYDOĞU-ANADOLU,Kozluk,221,384,Akça,U,8350,Pelit,K,884
Batman,GÜNEYDOĞU-ANADOLU,Sason,222,385,Akçael,E,8350,Pelit,K,885
Batman,GÜNEYDOĞU-ANADOLU,Sason,222,386,Akçagül,K,8350,Pelit,K,886
Batman,GÜNEYDOĞU-ANADOLU,Sason,222,387,Akçakan,E,8350,Pelit,K,887
Batman,GÜNEYDOĞU-ANADOLU,Sason,222,388,Akçakaya,E,8350,Pelit,K,888
Adıyaman,GÜNEYDOĞU-ANADOLU,Gölbaşı,223,389,Akçakıl,E,8350,Pelit,K,889
Adıyaman,GÜNEYDOĞU-ANADOLU,Gölbaşı,223,390,Akçakoca,E,8350,Pelit,K,890
Adıyaman,GÜNEYDOĞU-ANADOLU,Gölbaşı,223,391,Akçal,E,8350,Pelit,K,891
Adıyaman,GÜNEYDOĞU-ANADOLU,Gölbaşı,223,392,Akçalı,E,8350,Pelit,K,892
Adıyaman,GÜNEYDOĞU-ANADOLU,Kahta,224,393,Akçam,E,8350,Pelit,K,893
Adıyaman,GÜNEYDOĞU-ANADOLU,Kahta,224,394,Akçan,E,8350,Pelit,K,894
Adıyaman,GÜNEYDOĞU-ANADOLU,Kahta,224,395,Akçasu,U,8350,Pelit,K,895
Adıyaman,GÜNEYDOĞU-ANADOLU,Kahta,224,396,Akçay,E,8350,Pelit,K,896
Adıyaman,GÜNEYDOĞU-ANADOLU,Samsat,225,397,Akçer,E,8350,Pelit,K,897
Adıyaman,GÜNEYDOĞU-ANADOLU,Samsat,225,398,Akçığır,E,8350,Pelit,K,898
Adıyaman,GÜNEYDOĞU-ANADOLU,Samsat,225,399,Akçıl,U,8350,Pelit,K,899
Adıyaman,GÜNEYDOĞU-ANADOLU,Samsat,225,400,Akçınar,E,8350,Pelit,K,900
Adıyaman,GÜNEYDOĞU-ANADOLU,Sincik,226,401,Akçiçek,K,8350,Pelit,K,901
Adıyaman,GÜNEYDOĞU-ANADOLU,Sincik,226,402,Akçit,E,8350,Pelit,K,902
Adıyaman,GÜNEYDOĞU-ANADOLU,Sincik,226,403,Akçora,E,8350,Pelit,K,903
Adıyaman,GÜNEYDOĞU-ANADOLU,Sincik,226,404,Akdağ,E,8350,Pelit,K,904
Adıyaman,GÜNEYDOĞU-ANADOLU,Tut,227,405,Akdal,E,8350,Pelit,K,905
Adıyaman,GÜNEYDOĞU-ANADOLU,Tut,227,406,Akdamar,E,8350,Pelit,K,906
Adıyaman,GÜNEYDOĞU-ANADOLU,Tut,227,407,Akdemir,E,8350,Pelit,K,907
Adıyaman,GÜNEYDOĞU-ANADOLU,Tut,227,408,Akdeniz,E,8350,Pelit,K,908
Siirt,GÜNEYDOĞU-ANADOLU,Baykan,228,409,Akdes,U,8350,Pelit,K,909
Siirt,GÜNEYDOĞU-ANADOLU,Baykan,228,410,Akdik,E,8350,Pelit,K,910
Siirt,GÜNEYDOĞU-ANADOLU,Baykan,228,411,Akdiken,E,8350,Pelit,K,911
Siirt,GÜNEYDOĞU-ANADOLU,Baykan,228,412,Akdil,E,8350,Pelit,K,912
Siirt,GÜNEYDOĞU-ANADOLU,Eruh,229,413,Akdoğ,E,8350,Pelit,K,913
Siirt,GÜNEYDOĞU-ANADOLU,Eruh,229,414,Akdoğan,E,8350,Pelit,K,914
Siirt,GÜNEYDOĞU-ANADOLU,Eruh,229,415,Akdoğdu,E,8350,Pelit,K,915
Siirt,GÜNEYDOĞU-ANADOLU,Eruh,229,416,Akdoğmuş,E,8350,Pelit,K,916
Siirt,GÜNEYDOĞU-ANADOLU,Pervari,230,417,Akdoğu,E,8350,Pelit,K,917
Siirt,GÜNEYDOĞU-ANADOLU,Pervari,230,418,Akdolun,K,8350,Pelit,K,918
Siirt,GÜNEYDOĞU-ANADOLU,Pervari,230,419,Akdora,E,8350,Pelit,K,919
Siirt,GÜNEYDOĞU-ANADOLU,Pervari,230,420,Akdoru,E,8350,Pelit,K,920
Siirt,GÜNEYDOĞU-ANADOLU,Şirvan,231,421,Akdoruk,E,8350,Pelit,K,921
Siirt,GÜNEYDOĞU-ANADOLU,Şirvan,231,422,Akdöl,E,8350,Pelit,K,922
Siirt,GÜNEYDOĞU-ANADOLU,Şirvan,231,423,Akduman,E,8350,Pelit,K,923
Siirt,GÜNEYDOĞU-ANADOLU,Şirvan,231,424,Akdur,E,8350,Pelit,K,924
Siirt,GÜNEYDOĞU-ANADOLU,Tillo,232,425,Akdurmuş,E,8350,Pelit,K,925
Siirt,GÜNEYDOĞU-ANADOLU,Tillo,232,426,Akel,U,8350,Pelit,K,926
Siirt,GÜNEYDOĞU-ANADOLU,Tillo,232,427,Aker,E,8350,Pelit,K,927
Siirt,GÜNEYDOĞU-ANADOLU,Tillo,232,428,Akergin,E,8350,Pelit,K,928
Mardin,GÜNEYDOĞU-ANADOLU,Midyat,233,429,Akerman,E,8350,Pelit,K,929
Mardin,GÜNEYDOĞU-ANADOLU,Midyat,233,430,Akersan,E,8350,Pelit,K,930
Mardin,GÜNEYDOĞU-ANADOLU,Midyat,233,431,Akersoy,E,8350,Pelit,K,931
Mardin,GÜNEYDOĞU-ANADOLU,Midyat,233,432,Akgil,E,8350,Pelit,K,932
Mardin,GÜNEYDOĞU-ANADOLU,Nusaybin,234,433,Akgiray,E,8350,Pelit,K,933
Mardin,GÜNEYDOĞU-ANADOLU,Nusaybin,234,434,Akgöl,E,8350,Pelit,K,934
Mardin,GÜNEYDOĞU-ANADOLU,Nusaybin,234,435,Akgöze,E,8350,Pelit,K,935
Mardin,GÜNEYDOĞU-ANADOLU,Nusaybin,234,436,Akgüç,E,8350,Pelit,K,936
Mardin,GÜNEYDOĞU-ANADOLU,Ömerli,235,437,Akgül,K,8350,Pelit,K,937
Mardin,GÜNEYDOĞU-ANADOLU,Ömerli,235,438,Akgün,E,8350,Pelit,K,938
Mardin,GÜNEYDOĞU-ANADOLU,Ömerli,235,439,Akgündüz,E,8350,Pelit,K,939
Mardin,GÜNEYDOĞU-ANADOLU,Ömerli,235,440,Akgüner,E,8350,Pelit,K,940
Mardin,GÜNEYDOĞU-ANADOLU,Savur,236,441,Akgüneş,U,8350,Pelit,K,941
Mardin,GÜNEYDOĞU-ANADOLU,Savur,236,442,Akgüngör,U,8350,Pelit,K,942
Mardin,GÜNEYDOĞU-ANADOLU,Savur,236,443,Akhan,E,8350,Pelit,K,943
Mardin,GÜNEYDOĞU-ANADOLU,Savur,236,444,Akhanım,K,8350,Pelit,K,944
Mardin,GÜNEYDOĞU-ANADOLU,Yeşilli,237,445,Akhun,E,8350,Pelit,K,945
Mardin,GÜNEYDOĞU-ANADOLU,Yeşilli,237,446,Akı,E,8350,Pelit,K,946
Mardin,GÜNEYDOĞU-ANADOLU,Yeşilli,237,447,Akıalp,E,8350,Pelit,K,947
Mardin,GÜNEYDOĞU-ANADOLU,Yeşilli,237,448,Akıl,E,8350,Pelit,K,948
Kilis,GÜNEYDOĞU-ANADOLU,Elbeyli,238,449,Akılbek,E,8350,Pelit,K,949
Kilis,GÜNEYDOĞU-ANADOLU,Elbeyli,238,450,Akıllı,E,8350,Pelit,K,950
Kilis,GÜNEYDOĞU-ANADOLU,Elbeyli,238,451,Akıman,E,8350,Pelit,K,951
Kilis,GÜNEYDOĞU-ANADOLU,Elbeyli,238,452,Akın,E,8350,Pelit,K,952
Kilis,GÜNEYDOĞU-ANADOLU,Merkez,239,453,Akınal,E,8350,Pelit,K,953
Kilis,GÜNEYDOĞU-ANADOLU,Merkez,239,454,Akınalp,E,8350,Pelit,K,954
Kilis,GÜNEYDOĞU-ANADOLU,Merkez,239,455,Akıncı,E,8350,Pelit,K,955
Kilis,GÜNEYDOĞU-ANADOLU,Merkez,239,456,Akıncıbay,E,8350,Pelit,K,956
Kilis,GÜNEYDOĞU-ANADOLU,Musabeyli,240,457,Akıner,E,8350,Pelit,K,957
Kilis,GÜNEYDOĞU-ANADOLU,Musabeyli,240,458,Akıneri,E,8350,Pelit,K,958
Kilis,GÜNEYDOĞU-ANADOLU,Musabeyli,240,459,Akıntan,E,8350,Pelit,K,959
Kilis,GÜNEYDOĞU-ANADOLU,Musabeyli,240,460,Akibe,K,8350,Pelit,K,960
Kilis,GÜNEYDOĞU-ANADOLU,Polateli,241,461,Akide,K,8350,Pelit,K,961
Kilis,GÜNEYDOĞU-ANADOLU,Polateli,241,462,Akif,E,8350,Pelit,K,962
Kilis,GÜNEYDOĞU-ANADOLU,Polateli,241,463,Akife,K,8350,Pelit,K,963
Kilis,GÜNEYDOĞU-ANADOLU,Polateli,241,464,Akil,E,8350,Pelit,K,964
Şırnak,GÜNEYDOĞU-ANADOLU,Cizre,242,465,Akile,K,8350,Pelit,K,965
Şırnak,GÜNEYDOĞU-ANADOLU,Cizre,242,466,Akinci,K,8350,Pelit,K,966
Şırnak,GÜNEYDOĞU-ANADOLU,Cizre,242,467,Akip,E,8350,Pelit,K,967
Şırnak,GÜNEYDOĞU-ANADOLU,Cizre,242,468,Akipek,K,8350,Pelit,K,968
Şırnak,GÜNEYDOĞU-ANADOLU,Güçlükonak,243,469,Akkadın,K,8350,Pelit,K,969
Şırnak,GÜNEYDOĞU-ANADOLU,Güçlükonak,243,470,Akkan,E,8350,Pelit,K,970
Şırnak,GÜNEYDOĞU-ANADOLU,Güçlükonak,243,471,Akkar,K,8350,Pelit,K,971
Şırnak,GÜNEYDOĞU-ANADOLU,Güçlükonak,243,472,Akkaş,E,8350,Pelit,K,972
Şırnak,GÜNEYDOĞU-ANADOLU,İdil,244,473,Akkaya,E,8350,Pelit,K,973
Şırnak,GÜNEYDOĞU-ANADOLU,İdil,244,474,Akkaynak,E,8350,Pelit,K,974
Şırnak,GÜNEYDOĞU-ANADOLU,İdil,244,475,Akkemik,E,8350,Pelit,K,975
Şırnak,GÜNEYDOĞU-ANADOLU,İdil,244,476,Akkerman,E,8350,Pelit,K,976
Şırnak,GÜNEYDOĞU-ANADOLU,Silopi,245,477,Akkılıç,E,8350,Pelit,K,977
Şırnak,GÜNEYDOĞU-ANADOLU,Silopi,245,478,Akkın,E,8350,Pelit,K,978
Şırnak,GÜNEYDOĞU-ANADOLU,Silopi,245,479,Akkız,K,8350,Pelit,K,979
Şırnak,GÜNEYDOĞU-ANADOLU,Silopi,245,480,Akkor,K,8350,Pelit,K,980
Şırnak,GÜNEYDOĞU-ANADOLU,Uludere,246,481,Akköz,E,8350,Pelit,K,981
Şırnak,GÜNEYDOĞU-ANADOLU,Uludere,246,482,Akkurt,E,8350,Pelit,K,982
Şırnak,GÜNEYDOĞU-ANADOLU,Uludere,246,483,Akkuş,E,8350,Pelit,K,983
Şırnak,GÜNEYDOĞU-ANADOLU,Uludere,246,484,Akkutlu,K,8350,Pelit,K,984
İzmir,EGE,Seferihisar,247,485,Akkuyaş,E,8350,Pelit,K,985
İzmir,EGE,Seferihisar,247,486,Aklan,E,8350,Pelit,K,986
İzmir,EGE,Seferihisar,247,487,Akmaç,E,8350,Pelit,K,987
İzmir,EGE,Seferihisar,247,488,Akman,E,8350,Pelit,K,988
İzmir,EGE,Selçuk,248,489,Akmanalp,E,8350,Pelit,K,989
İzmir,EGE,Selçuk,248,490,Akmaner,E,8350,Pelit,K,990
İzmir,EGE,Selçuk,248,491,Akmaral,K,8350,Pelit,K,991
İzmir,EGE,Selçuk,248,492,Akmeriç,E,8350,Pelit,K,992
İzmir,EGE,Tire,249,493,Aknur,K,8350,Pelit,K,993
İzmir,EGE,Tire,249,494,Akol,K,8350,Pelit,K,994
İzmir,EGE,Tire,249,495,Akozan,E,8350,Pelit,K,995
İzmir,EGE,Tire,249,496,Akönder,E,8350,Pelit,K,996
İzmir,EGE,Torbalı,250,497,Akören,E,8350,Pelit,K,997
İzmir,EGE,Torbalı,250,498,Aköz,E,8350,Pelit,K,998
İzmir,EGE,Torbalı,250,499,Akpay,E,8350,Pelit,K,999
İzmir,EGE,Torbalı,250,500,Akpınar,U,8350,Pelit,K,1000
İzmir,EGE,Urla,251,251,Adıyahşi,E,8351,Peren,K,1001
İzmir,EGE,Urla,251,252,Adıyaman,E,8351,Peren,K,1002
İzmir,EGE,Urla,251,253,Adil,E,8351,Peren,K,1003
İzmir,EGE,Urla,251,254,Adile,K,8351,Peren,K,1004
Manisa,EGE,Sarıgöl,252,255,Adilhan,E,8351,Peren,K,1005
Manisa,EGE,Sarıgöl,252,256,Adlan,E,8351,Peren,K,1006
Manisa,EGE,Sarıgöl,252,257,Adlı,E,8351,Peren,K,1007
Manisa,EGE,Sarıgöl,252,258,Adlığ,E,8351,Peren,K,1008
Manisa,EGE,Saruhanlı,253,259,Adli,E,8351,Peren,K,1009
Manisa,EGE,Saruhanlı,253,260,Adnan,E,8351,Peren,K,1010
Manisa,EGE,Saruhanlı,253,261,Adni,E,8351,Peren,K,1011
Manisa,EGE,Saruhanlı,253,262,Adniye,K,8351,Peren,K,1012
Manisa,EGE,Selendi,254,263,Adsız,E,8351,Peren,K,1013
Manisa,EGE,Selendi,254,264,Adsoy,E,8351,Peren,K,1014
Manisa,EGE,Selendi,254,265,Adviye,K,8351,Peren,K,1015
Manisa,EGE,Selendi,254,266,Afacan,E,8351,Peren,K,1016
Manisa,EGE,Soma,255,267,Afak,U,8351,Peren,K,1017
Manisa,EGE,Soma,255,268,Afer,E,8351,Peren,K,1018
Manisa,EGE,Soma,255,269,Afet,K,8351,Peren,K,1019
Manisa,EGE,Soma,255,270,Affan,U,8351,Peren,K,1020
Manisa,EGE,Turgutlu,256,271,Afi,K,8351,Peren,K,1021
Manisa,EGE,Turgutlu,256,272,Afif,E,8351,Peren,K,1022
Manisa,EGE,Turgutlu,256,273,Afife,K,8351,Peren,K,1023
Manisa,EGE,Turgutlu,256,274,Afitap,K,8351,Peren,K,1024
Aydın,EGE,Kuyucak,257,275,Afiye,K,8351,Peren,K,1025
Aydın,EGE,Kuyucak,257,276,Afiyet,K,8351,Peren,K,1026
Aydın,EGE,Kuyucak,257,277,Afra,K,8351,Peren,K,1027
Aydın,EGE,Kuyucak,257,278,Afşar,E,8351,Peren,K,1028
Aydın,EGE,Nazilli,258,279,Afşin,E,8351,Peren,K,1029
Aydın,EGE,Nazilli,258,280,Agâh,E,8351,Peren,K,1030
Aydın,EGE,Nazilli,258,281,Agil,E,8351,Peren,K,1031
Aydın,EGE,Nazilli,258,282,Aguş,K,8351,Peren,K,1032
Aydın,EGE,Söke,259,283,Ağa,E,8351,Peren,K,1033
Aydın,EGE,Söke,259,284,Ağacan,E,8351,Peren,K,1034
Aydın,EGE,Söke,259,285,Ağahan,E,8351,Peren,K,1035
Aydın,EGE,Söke,259,286,Ağahanım,K,8351,Peren,K,1036
Aydın,EGE,Sultanhisar,260,287,Ağahatun,K,8351,Peren,K,1037
Aydın,EGE,Sultanhisar,260,288,Ağakan,E,8351,Peren,K,1038
Aydın,EGE,Sultanhisar,260,289,Ağakatun,K,8351,Peren,K,1039
Aydın,EGE,Sultanhisar,260,290,Ağan,U,8351,Peren,K,1040
Aydın,EGE,Yenipazar,261,291,Ağanbegim,K,8351,Peren,K,1041
Aydın,EGE,Yenipazar,261,292,Ağanbegüm,K,8351,Peren,K,1042
Aydın,EGE,Yenipazar,261,293,Ağanbike,K,8351,Peren,K,1043
Aydın,EGE,Yenipazar,261,294,Ağanbüke,K,8351,Peren,K,1044
Denizli,EGE,Kale,262,295,Ağaner,E,8351,Peren,K,1045
Denizli,EGE,Kale,262,296,Ağaoğlu,E,8351,Peren,K,1046
Denizli,EGE,Kale,262,297,Ağar,E,8351,Peren,K,1047
Denizli,EGE,Kale,262,298,Ağarantan,E,8351,Peren,K,1048
Denizli,EGE,Pamukkale,263,299,Ağaverdi,E,8351,Peren,K,1049
Denizli,EGE,Pamukkale,263,300,Ağbacı,K,8351,Peren,K,1050
Denizli,EGE,Pamukkale,263,301,Ağbegim,K,8351,Peren,K,1051
Denizli,EGE,Pamukkale,263,302,Ağbegüm,K,8351,Peren,K,1052
Denizli,EGE,Sarayköy,264,303,Ağbet,K,8351,Peren,K,1053
Denizli,EGE,Sarayköy,264,304,Ağbilek,K,8351,Peren,K,1054
Denizli,EGE,Sarayköy,264,305,Ağca,U,8351,Peren,K,1055
Denizli,EGE,Sarayköy,264,306,Ağça,K,8351,Peren,K,1056
Denizli,EGE,Serinhisar,265,307,Ağçelik,E,8351,Peren,K,1057
Denizli,EGE,Serinhisar,265,308,Ağer,E,8351,Peren,K,1058
Denizli,EGE,Serinhisar,265,309,Ağgül,K,8351,Peren,K,1059
Denizli,EGE,Serinhisar,265,310,Ağın,E,8351,Peren,K,1060
Denizli,EGE,Tavas,266,311,Ağırtaş,E,8351,Peren,K,1061
Denizli,EGE,Tavas,266,312,Ağış,U,8351,Peren,K,1062
Denizli,EGE,Tavas,266,313,Ağkız,K,8351,Peren,K,1063
Denizli,EGE,Tavas,266,314,Ağnak,E,8351,Peren,K,1064
Muğla,EGE,Milas,267,315,Ağyar,E,8351,Peren,K,1065
Muğla,EGE,Milas,267,316,Ahen,E,8351,Peren,K,1066
Muğla,EGE,Milas,267,317,Ahenk,K,8351,Peren,K,1067
Muğla,EGE,Milas,267,318,Ahfeş,E,8351,Peren,K,1068
Muğla,EGE,Ortaca,268,319,Ahıska,E,8351,Peren,K,1069
Muğla,EGE,Ortaca,268,320,Ahi,E,8351,Peren,K,1070
Muğla,EGE,Ortaca,268,321,Ahmet,E,8351,Peren,K,1071
Muğla,EGE,Ortaca,268,322,Ahsen,U,8351,Peren,K,1072
Muğla,EGE,Seydikemer,269,323,Ahter,U,8351,Peren,K,1073
Muğla,EGE,Seydikemer,269,324,Ahu,K,8351,Peren,K,1074
Muğla,EGE,Seydikemer,269,325,Aişe,K,8351,Peren,K,1075
Muğla,EGE,Seydikemer,269,326,Ajda,K,8351,Peren,K,1076
Muğla,EGE,Ula,270,327,Ajlan,E,8351,Peren,K,1077
Muğla,EGE,Ula,270,328,Ak,K,8351,Peren,K,1078
Muğla,EGE,Ula,270,329,Aka,E,8351,Peren,K,1079
Muğla,EGE,Ula,270,330,Akad,E,8351,Peren,K,1080
Muğla,EGE,Yatağan,271,331,Akadlı,E,8351,Peren,K,1081
Muğla,EGE,Yatağan,271,332,Akağan,E,8351,Peren,K,1082
Muğla,EGE,Yatağan,271,333,Akal,E,8351,Peren,K,1083
Muğla,EGE,Yatağan,271,334,Akalan,E,8351,Peren,K,1084
Afyonkarahisar,EGE,Kızılören,272,335,Akalın,U,8351,Peren,K,1085
Afyonkarahisar,EGE,Kızılören,272,336,Akalp,E,8351,Peren,K,1086
Afyonkarahisar,EGE,Kızılören,272,337,Akaltan,E,8351,Peren,K,1087
Afyonkarahisar,EGE,Kızılören,272,338,Akan,E,8351,Peren,K,1088
Afyonkarahisar,EGE,Sandıklı,273,339,Akanay,U,8351,Peren,K,1089
Afyonkarahisar,EGE,Sandıklı,273,340,Akaner,E,8351,Peren,K,1090
Afyonkarahisar,EGE,Sandıklı,273,341,Akansu,E,8351,Peren,K,1091
Afyonkarahisar,EGE,Sandıklı,273,342,Akant,E,8351,Peren,K,1092
Afyonkarahisar,EGE,Sinanpaşa,274,343,Akanyıldız,E,8351,Peren,K,1093
Afyonkarahisar,EGE,Sinanpaşa,274,344,Akarca,E,8351,Peren,K,1094
Afyonkarahisar,EGE,Sinanpaşa,274,345,Akarçay,E,8351,Peren,K,1095
Afyonkarahisar,EGE,Sinanpaşa,274,346,Akarsel,E,8351,Peren,K,1096
Afyonkarahisar,EGE,Sultandağı,275,347,Akarsu,U,8351,Peren,K,1097
Afyonkarahisar,EGE,Sultandağı,275,348,Akartuna,E,8351,Peren,K,1098
Afyonkarahisar,EGE,Sultandağı,275,349,Akartürk,E,8351,Peren,K,1099
Afyonkarahisar,EGE,Sultandağı,275,350,Akasma,E,8351,Peren,K,1100
Afyonkarahisar,EGE,Şuhut,276,351,Akasoy,E,8351,Peren,K,1101
Afyonkarahisar,EGE,Şuhut,276,352,Akata,E,8351,Peren,K,1102
Afyonkarahisar,EGE,Şuhut,276,353,Akatay,E,8351,Peren,K,1103
Afyonkarahisar,EGE,Şuhut,276,354,Akay,U,8351,Peren,K,1104
Kütahya,EGE,Hisarcık,277,355,Akaydın,E,8351,Peren,K,1105
Kütahya,EGE,Hisarcık,277,356,Akbacı,K,8351,Peren,K,1106
Kütahya,EGE,Hisarcık,277,357,Akbal,U,8351,Peren,K,1107
Kütahya,EGE,Hisarcık,277,358,Akbaran,E,8351,Peren,K,1108
Kütahya,EGE,Pazarlar,278,359,Akbaş,E,8351,Peren,K,1109
Kütahya,EGE,Pazarlar,278,360,Akbaşak,U,8351,Peren,K,1110
Kütahya,EGE,Pazarlar,278,361,Akbatu,E,8351,Peren,K,1111
Kütahya,EGE,Pazarlar,278,362,Akbatur,E,8351,Peren,K,1112
Kütahya,EGE,Simav,279,363,Akbay,E,8351,Peren,K,1113
Kütahya,EGE,Simav,279,364,Akbayar,E,8351,Peren,K,1114
Kütahya,EGE,Simav,279,365,Akbek,E,8351,Peren,K,1115
Kütahya,EGE,Simav,279,366,Akbel,E,8351,Peren,K,1116
Kütahya,EGE,Şaphane,280,367,Akbet,E,8351,Peren,K,1117
Kütahya,EGE,Şaphane,280,368,Akbey,E,8351,Peren,K,1118
Kütahya,EGE,Şaphane,280,369,Akbil,E,8351,Peren,K,1119
Kütahya,EGE,Şaphane,280,370,Akbilge,E,8351,Peren,K,1120
Kütahya,EGE,Tavşanlı,281,371,Akboğa,E,8351,Peren,K,1121
Kütahya,EGE,Tavşanlı,281,372,Akbora,E,8351,Peren,K,1122
Kütahya,EGE,Tavşanlı,281,373,Akboy,E,8351,Peren,K,1123
Kütahya,EGE,Tavşanlı,281,374,Akbörü,E,8351,Peren,K,1124
Uşak,EGE,Banaz,282,375,Akbudun,E,8351,Peren,K,1125
Uşak,EGE,Banaz,282,376,Akbuğ,E,8351,Peren,K,1126
Uşak,EGE,Banaz,282,377,Akbulut,E,8351,Peren,K,1127
Uşak,EGE,Banaz,282,378,Akburak,E,8351,Peren,K,1128
Uşak,EGE,Eşme,283,379,Akburç,E,8351,Peren,K,1129
Uşak,EGE,Eşme,283,380,Akburçak,E,8351,Peren,K,1130
Uşak,EGE,Eşme,283,381,Akcan,U,8351,Peren,K,1131
Uşak,EGE,Eşme,283,382,Akcebe,E,8351,Peren,K,1132
Uşak,EGE,Karahallı,284,383,Akcivan,E,8351,Peren,K,1133
Uşak,EGE,Karahallı,284,384,Akça,U,8351,Peren,K,1134
Uşak,EGE,Karahallı,284,385,Akçael,E,8351,Peren,K,1135
Uşak,EGE,Karahallı,284,386,Akçagül,K,8351,Peren,K,1136
Uşak,EGE,Sivaslı,285,387,Akçakan,E,8351,Peren,K,1137
Uşak,EGE,Sivaslı,285,388,Akçakaya,E,8351,Peren,K,1138
Uşak,EGE,Sivaslı,285,389,Akçakıl,E,8351,Peren,K,1139
Uşak,EGE,Sivaslı,285,390,Akçakoca,E,8351,Peren,K,1140
Uşak,EGE,Ulubey,286,391,Akçal,E,8351,Peren,K,1141
Uşak,EGE,Ulubey,286,392,Akçalı,E,8351,Peren,K,1142
Uşak,EGE,Ulubey,286,393,Akçam,E,8351,Peren,K,1143
Uşak,EGE,Ulubey,286,394,Akçan,E,8351,Peren,K,1144
Ağrı,DOĞU-ANADOLU,Diyadin,287,395,Akçasu,U,8351,Peren,K,1145
Ağrı,DOĞU-ANADOLU,Diyadin,287,396,Akçay,E,8351,Peren,K,1146
Ağrı,DOĞU-ANADOLU,Diyadin,287,397,Akçer,E,8351,Peren,K,1147
Ağrı,DOĞU-ANADOLU,Diyadin,287,398,Akçığır,E,8351,Peren,K,1148
Ağrı,DOĞU-ANADOLU,Merkez,288,399,Akçıl,U,8351,Peren,K,1149
Ağrı,DOĞU-ANADOLU,Merkez,288,400,Akçınar,E,8351,Peren,K,1150
Ağrı,DOĞU-ANADOLU,Merkez,288,401,Akçiçek,K,8351,Peren,K,1151
Ağrı,DOĞU-ANADOLU,Merkez,288,402,Akçit,E,8351,Peren,K,1152
Ağrı,DOĞU-ANADOLU,Patnos,289,403,Akçora,E,8351,Peren,K,1153
Ağrı,DOĞU-ANADOLU,Patnos,289,404,Akdağ,E,8351,Peren,K,1154
Ağrı,DOĞU-ANADOLU,Patnos,289,405,Akdal,E,8351,Peren,K,1155
Ağrı,DOĞU-ANADOLU,Patnos,289,406,Akdamar,E,8351,Peren,K,1156
Ağrı,DOĞU-ANADOLU,Taşlıçay,290,407,Akdemir,E,8351,Peren,K,1157
Ağrı,DOĞU-ANADOLU,Taşlıçay,290,408,Akdeniz,E,8351,Peren,K,1158
Ağrı,DOĞU-ANADOLU,Taşlıçay,290,409,Akdes,U,8351,Peren,K,1159
Ağrı,DOĞU-ANADOLU,Taşlıçay,290,410,Akdik,E,8351,Peren,K,1160
Ağrı,DOĞU-ANADOLU,Tutak,291,411,Akdiken,E,8351,Peren,K,1161
Ağrı,DOĞU-ANADOLU,Tutak,291,412,Akdil,E,8351,Peren,K,1162
Ağrı,DOĞU-ANADOLU,Tutak,291,413,Akdoğ,E,8351,Peren,K,1163
Ağrı,DOĞU-ANADOLU,Tutak,291,414,Akdoğan,E,8351,Peren,K,1164
Ardahan,DOĞU-ANADOLU,Çıldır,292,415,Akdoğdu,E,8351,Peren,K,1165
Ardahan,DOĞU-ANADOLU,Çıldır,292,416,Akdoğmuş,E,8351,Peren,K,1166
Ardahan,DOĞU-ANADOLU,Çıldır,292,417,Akdoğu,E,8351,Peren,K,1167
Ardahan,DOĞU-ANADOLU,Çıldır,292,418,Akdolun,K,8351,Peren,K,1168
Ardahan,DOĞU-ANADOLU,Damal,293,419,Akdora,E,8351,Peren,K,1169
Ardahan,DOĞU-ANADOLU,Damal,293,420,Akdoru,E,8351,Peren,K,1170
Ardahan,DOĞU-ANADOLU,Damal,293,421,Akdoruk,E,8351,Peren,K,1171
Ardahan,DOĞU-ANADOLU,Damal,293,422,Akdöl,E,8351,Peren,K,1172
Ardahan,DOĞU-ANADOLU,Hanak,294,423,Akduman,E,8351,Peren,K,1173
Ardahan,DOĞU-ANADOLU,Hanak,294,424,Akdur,E,8351,Peren,K,1174
Ardahan,DOĞU-ANADOLU,Hanak,294,425,Akdurmuş,E,8351,Peren,K,1175
Ardahan,DOĞU-ANADOLU,Hanak,294,426,Akel,U,8351,Peren,K,1176
Ardahan,DOĞU-ANADOLU,Merkez,295,427,Aker,E,8351,Peren,K,1177
Ardahan,DOĞU-ANADOLU,Merkez,295,428,Akergin,E,8351,Peren,K,1178
Ardahan,DOĞU-ANADOLU,Merkez,295,429,Akerman,E,8351,Peren,K,1179
Ardahan,DOĞU-ANADOLU,Merkez,295,430,Akersan,E,8351,Peren,K,1180
Ardahan,DOĞU-ANADOLU,Posof,296,431,Akersoy,E,8351,Peren,K,1181
Ardahan,DOĞU-ANADOLU,Posof,296,432,Akgil,E,8351,Peren,K,1182
Ardahan,DOĞU-ANADOLU,Posof,296,433,Akgiray,E,8351,Peren,K,1183
Ardahan,DOĞU-ANADOLU,Posof,296,434,Akgöl,E,8351,Peren,K,1184
Bitlis,DOĞU-ANADOLU,Hizan,297,435,Akgöze,E,8351,Peren,K,1185
Bitlis,DOĞU-ANADOLU,Hizan,297,436,Akgüç,E,8351,Peren,K,1186
Bitlis,DOĞU-ANADOLU,Hizan,297,437,Akgül,K,8351,Peren,K,1187
Bitlis,DOĞU-ANADOLU,Hizan,297,438,Akgün,E,8351,Peren,K,1188
Bitlis,DOĞU-ANADOLU,Ahlat,298,439,Akgündüz,E,8351,Peren,K,1189
Bitlis,DOĞU-ANADOLU,Ahlat,298,440,Akgüner,E,8351,Peren,K,1190
Bitlis,DOĞU-ANADOLU,Ahlat,298,441,Akgüneş,U,8351,Peren,K,1191
Bitlis,DOĞU-ANADOLU,Ahlat,298,442,Akgüngör,U,8351,Peren,K,1192
Bitlis,DOĞU-ANADOLU,Merkez,299,443,Akhan,E,8351,Peren,K,1193
Bitlis,DOĞU-ANADOLU,Merkez,299,444,Akhanım,K,8351,Peren,K,1194
Bitlis,DOĞU-ANADOLU,Merkez,299,445,Akhun,E,8351,Peren,K,1195
Bitlis,DOĞU-ANADOLU,Merkez,299,446,Akı,E,8351,Peren,K,1196
Bitlis,DOĞU-ANADOLU,Mutki,300,447,Akıalp,E,8351,Peren,K,1197
Bitlis,DOĞU-ANADOLU,Mutki,300,448,Akıl,E,8351,Peren,K,1198
Bitlis,DOĞU-ANADOLU,Mutki,300,449,Akılbek,E,8351,Peren,K,1199
Bitlis,DOĞU-ANADOLU,Mutki,300,450,Akıllı,E,8351,Peren,K,1200
Bitlis,DOĞU-ANADOLU,Tatvan,301,451,Akıman,E,8351,Peren,K,1201
Bitlis,DOĞU-ANADOLU,Tatvan,301,452,Akın,E,8351,Peren,K,1202
Bitlis,DOĞU-ANADOLU,Tatvan,301,453,Akınal,E,8351,Peren,K,1203
Bitlis,DOĞU-ANADOLU,Tatvan,301,454,Akınalp,E,8351,Peren,K,1204
Bingöl,DOĞU-ANADOLU,Adaklı,302,455,Akıncı,E,8351,Peren,K,1205
Bingöl,DOĞU-ANADOLU,Adaklı,302,456,Akıncıbay,E,8351,Peren,K,1206
Bingöl,DOĞU-ANADOLU,Adaklı,302,457,Akıner,E,8351,Peren,K,1207
Bingöl,DOĞU-ANADOLU,Adaklı,302,458,Akıneri,E,8351,Peren,K,1208
Bingöl,DOĞU-ANADOLU,Kiğı,303,459,Akıntan,E,8351,Peren,K,1209
Bingöl,DOĞU-ANADOLU,Kiğı,303,460,Akibe,K,8351,Peren,K,1210
Bingöl,DOĞU-ANADOLU,Kiğı,303,461,Akide,K,8351,Peren,K,1211
Bingöl,DOĞU-ANADOLU,Kiğı,303,462,Akif,E,8351,Peren,K,1212
Bingöl,DOĞU-ANADOLU,Solhan,304,463,Akife,K,8351,Peren,K,1213
Bingöl,DOĞU-ANADOLU,Solhan,304,464,Akil,E,8351,Peren,K,1214
Bingöl,DOĞU-ANADOLU,Solhan,304,465,Akile,K,8351,Peren,K,1215
Bingöl,DOĞU-ANADOLU,Solhan,304,466,Akinci,K,8351,Peren,K,1216
Bingöl,DOĞU-ANADOLU,Yayladere,305,467,Akip,E,8351,Peren,K,1217
Bingöl,DOĞU-ANADOLU,Yayladere,305,468,Akipek,K,8351,Peren,K,1218
Bingöl,DOĞU-ANADOLU,Yayladere,305,469,Akkadın,K,8351,Peren,K,1219
Bingöl,DOĞU-ANADOLU,Yayladere,305,470,Akkan,E,8351,Peren,K,1220
Bingöl,DOĞU-ANADOLU,Yedisu,306,471,Akkar,K,8351,Peren,K,1221
Bingöl,DOĞU-ANADOLU,Yedisu,306,472,Akkaş,E,8351,Peren,K,1222
Bingöl,DOĞU-ANADOLU,Yedisu,306,473,Akkaya,E,8351,Peren,K,1223
Bingöl,DOĞU-ANADOLU,Yedisu,306,474,Akkaynak,E,8351,Peren,K,1224
Elâzığ,DOĞU-ANADOLU,Keban,307,475,Akkemik,E,8351,Peren,K,1225
Elâzığ,DOĞU-ANADOLU,Keban,307,476,Akkerman,E,8351,Peren,K,1226
Elâzığ,DOĞU-ANADOLU,Keban,307,477,Akkılıç,E,8351,Peren,K,1227
Elâzığ,DOĞU-ANADOLU,Keban,307,478,Akkın,E,8351,Peren,K,1228
Elâzığ,DOĞU-ANADOLU,Kovancılar,308,479,Akkız,K,8351,Peren,K,1229
Elâzığ,DOĞU-ANADOLU,Kovancılar,308,480,Akkor,K,8351,Peren,K,1230
Elâzığ,DOĞU-ANADOLU,Kovancılar,308,481,Akköz,E,8351,Peren,K,1231
Elâzığ,DOĞU-ANADOLU,Kovancılar,308,482,Akkurt,E,8351,Peren,K,1232
Elâzığ,DOĞU-ANADOLU,Maden,309,483,Akkuş,E,8351,Peren,K,1233
Elâzığ,DOĞU-ANADOLU,Maden,309,484,Akkutlu,K,8351,Peren,K,1234
Elâzığ,DOĞU-ANADOLU,Maden,309,485,Akkuyaş,E,8351,Peren,K,1235
Elâzığ,DOĞU-ANADOLU,Maden,309,486,Aklan,E,8351,Peren,K,1236
Elâzığ,DOĞU-ANADOLU,Palu,310,487,Akmaç,E,8351,Peren,K,1237
Elâzığ,DOĞU-ANADOLU,Palu,310,488,Akman,E,8351,Peren,K,1238
Elâzığ,DOĞU-ANADOLU,Palu,310,489,Akmanalp,E,8351,Peren,K,1239
Elâzığ,DOĞU-ANADOLU,Palu,310,490,Akmaner,E,8351,Peren,K,1240
Elâzığ,DOĞU-ANADOLU,Sivrice,311,491,Akmaral,K,8351,Peren,K,1241
Elâzığ,DOĞU-ANADOLU,Sivrice,311,492,Akmeriç,E,8351,Peren,K,1242
Elâzığ,DOĞU-ANADOLU,Sivrice,311,493,Aknur,K,8351,Peren,K,1243
Elâzığ,DOĞU-ANADOLU,Sivrice,311,494,Akol,K,8351,Peren,K,1244
Erzincan,DOĞU-ANADOLU,Otlukbeli,312,495,Akozan,E,8351,Peren,K,1245
Erzincan,DOĞU-ANADOLU,Otlukbeli,312,496,Akönder,E,8351,Peren,K,1246
Erzincan,DOĞU-ANADOLU,Otlukbeli,312,497,Akören,E,8351,Peren,K,1247
Erzincan,DOĞU-ANADOLU,Otlukbeli,312,498,Aköz,E,8351,Peren,K,1248
Erzincan,DOĞU-ANADOLU,İliç,313,499,Akpay,E,8351,Peren,K,1249
Erzincan,DOĞU-ANADOLU,İliç,313,500,Akpınar,U,8351,Peren,K,1250
Erzincan,DOĞU-ANADOLU,İliç,313,251,Adıyahşi,E,8352,Peri,K,1251
Erzincan,DOĞU-ANADOLU,İliç,313,252,Adıyaman,E,8352,Peri,K,1252
Erzincan,DOĞU-ANADOLU,Refahiye,314,253,Adil,E,8352,Peri,K,1253
Erzincan,DOĞU-ANADOLU,Refahiye,314,254,Adile,K,8352,Peri,K,1254
Erzincan,DOĞU-ANADOLU,Refahiye,314,255,Adilhan,E,8352,Peri,K,1255
Erzincan,DOĞU-ANADOLU,Refahiye,314,256,Adlan,E,8352,Peri,K,1256
Erzincan,DOĞU-ANADOLU,Tercan,315,257,Adlı,E,8352,Peri,K,1257
Erzincan,DOĞU-ANADOLU,Tercan,315,258,Adlığ,E,8352,Peri,K,1258
Erzincan,DOĞU-ANADOLU,Tercan,315,259,Adli,E,8352,Peri,K,1259
Erzincan,DOĞU-ANADOLU,Tercan,315,260,Adnan,E,8352,Peri,K,1260
Erzincan,DOĞU-ANADOLU,Üzümlü,316,261,Adni,E,8352,Peri,K,1261
Erzincan,DOĞU-ANADOLU,Üzümlü,316,262,Adniye,K,8352,Peri,K,1262
Erzincan,DOĞU-ANADOLU,Üzümlü,316,263,Adsız,E,8352,Peri,K,1263
Erzincan,DOĞU-ANADOLU,Üzümlü,316,264,Adsoy,E,8352,Peri,K,1264
Erzurum,DOĞU-ANADOLU,Köprüköy,317,265,Adviye,K,8352,Peri,K,1265
Erzurum,DOĞU-ANADOLU,Köprüköy,317,266,Afacan,E,8352,Peri,K,1266
Erzurum,DOĞU-ANADOLU,Köprüköy,317,267,Afak,U,8352,Peri,K,1267
Erzurum,DOĞU-ANADOLU,Köprüköy,317,268,Afer,E,8352,Peri,K,1268
Erzurum,DOĞU-ANADOLU,Pasinler,318,269,Afet,K,8352,Peri,K,1269
Erzurum,DOĞU-ANADOLU,Pasinler,318,270,Affan,U,8352,Peri,K,1270
Erzurum,DOĞU-ANADOLU,Pasinler,318,271,Afi,K,8352,Peri,K,1271
Erzurum,DOĞU-ANADOLU,Pasinler,318,272,Afif,E,8352,Peri,K,1272
Erzurum,DOĞU-ANADOLU,Palandöken,319,273,Afife,K,8352,Peri,K,1273
Erzurum,DOĞU-ANADOLU,Palandöken,319,274,Afitap,K,8352,Peri,K,1274
Erzurum,DOĞU-ANADOLU,Palandöken,319,275,Afiye,K,8352,Peri,K,1275
Erzurum,DOĞU-ANADOLU,Palandöken,319,276,Afiyet,K,8352,Peri,K,1276
Erzurum,DOĞU-ANADOLU,Tortum,320,277,Afra,K,8352,Peri,K,1277
Erzurum,DOĞU-ANADOLU,Tortum,320,278,Afşar,E,8352,Peri,K,1278
Erzurum,DOĞU-ANADOLU,Tortum,320,279,Afşin,E,8352,Peri,K,1279
Erzurum,DOĞU-ANADOLU,Tortum,320,280,Agâh,E,8352,Peri,K,1280
Erzurum,DOĞU-ANADOLU,Uzundere,321,281,Agil,E,8352,Peri,K,1281
Erzurum,DOĞU-ANADOLU,Uzundere,321,282,Aguş,K,8352,Peri,K,1282
Erzurum,DOĞU-ANADOLU,Uzundere,321,283,Ağa,E,8352,Peri,K,1283
Erzurum,DOĞU-ANADOLU,Uzundere,321,284,Ağacan,E,8352,Peri,K,1284
Hakkâri,DOĞU-ANADOLU,Çukurca,322,285,Ağahan,E,8352,Peri,K,1285
Hakkâri,DOĞU-ANADOLU,Çukurca,322,286,Ağahanım,K,8352,Peri,K,1286
Hakkâri,DOĞU-ANADOLU,Çukurca,322,287,Ağahatun,K,8352,Peri,K,1287
Hakkâri,DOĞU-ANADOLU,Çukurca,322,288,Ağakan,E,8352,Peri,K,1288
Hakkâri,DOĞU-ANADOLU,Derecik,323,289,Ağakatun,K,8352,Peri,K,1289
Hakkâri,DOĞU-ANADOLU,Derecik,323,290,Ağan,U,8352,Peri,K,1290
Hakkâri,DOĞU-ANADOLU,Derecik,323,291,Ağanbegim,K,8352,Peri,K,1291
Hakkâri,DOĞU-ANADOLU,Derecik,323,292,Ağanbegüm,K,8352,Peri,K,1292
Hakkâri,DOĞU-ANADOLU,Merkez,324,293,Ağanbike,K,8352,Peri,K,1293
Hakkâri,DOĞU-ANADOLU,Merkez,324,294,Ağanbüke,K,8352,Peri,K,1294
Hakkâri,DOĞU-ANADOLU,Merkez,324,295,Ağaner,E,8352,Peri,K,1295
Hakkâri,DOĞU-ANADOLU,Merkez,324,296,Ağaoğlu,E,8352,Peri,K,1296
Hakkâri,DOĞU-ANADOLU,Şemdinli,325,297,Ağar,E,8352,Peri,K,1297
Hakkâri,DOĞU-ANADOLU,Şemdinli,325,298,Ağarantan,E,8352,Peri,K,1298
Hakkâri,DOĞU-ANADOLU,Şemdinli,325,299,Ağaverdi,E,8352,Peri,K,1299
Hakkâri,DOĞU-ANADOLU,Şemdinli,325,300,Ağbacı,K,8352,Peri,K,1300
Hakkâri,DOĞU-ANADOLU,Yüksekova,326,301,Ağbegim,K,8352,Peri,K,1301
Hakkâri,DOĞU-ANADOLU,Yüksekova,326,302,Ağbegüm,K,8352,Peri,K,1302
Hakkâri,DOĞU-ANADOLU,Yüksekova,326,303,Ağbet,K,8352,Peri,K,1303
Hakkâri,DOĞU-ANADOLU,Yüksekova,326,304,Ağbilek,K,8352,Peri,K,1304
Iğdır,DOĞU-ANADOLU,Aralık,327,305,Ağca,U,8352,Peri,K,1305
Iğdır,DOĞU-ANADOLU,Aralık,327,306,Ağça,K,8352,Peri,K,1306
Iğdır,DOĞU-ANADOLU,Aralık,327,307,Ağçelik,E,8352,Peri,K,1307
Iğdır,DOĞU-ANADOLU,Aralık,327,308,Ağer,E,8352,Peri,K,1308
Iğdır,DOĞU-ANADOLU,Karakoyunlu,328,309,Ağgül,K,8352,Peri,K,1309
Iğdır,DOĞU-ANADOLU,Karakoyunlu,328,310,Ağın,E,8352,Peri,K,1310
Iğdır,DOĞU-ANADOLU,Karakoyunlu,328,311,Ağırtaş,E,8352,Peri,K,1311
Iğdır,DOĞU-ANADOLU,Karakoyunlu,328,312,Ağış,U,8352,Peri,K,1312
Iğdır,DOĞU-ANADOLU,Merkez,329,313,Ağkız,K,8352,Peri,K,1313
Iğdır,DOĞU-ANADOLU,Merkez,329,314,Ağnak,E,8352,Peri,K,1314
Iğdır,DOĞU-ANADOLU,Merkez,329,315,Ağyar,E,8352,Peri,K,1315
Iğdır,DOĞU-ANADOLU,Merkez,329,316,Ahen,E,8352,Peri,K,1316
Iğdır,DOĞU-ANADOLU,Tuzluca,330,317,Ahenk,K,8352,Peri,K,1317
Iğdır,DOĞU-ANADOLU,Tuzluca,330,318,Ahfeş,E,8352,Peri,K,1318
Iğdır,DOĞU-ANADOLU,Tuzluca,330,319,Ahıska,E,8352,Peri,K,1319
Iğdır,DOĞU-ANADOLU,Tuzluca,330,320,Ahi,E,8352,Peri,K,1320
Kars,DOĞU-ANADOLU,Akyaka,331,321,Ahmet,E,8352,Peri,K,1321
Kars,DOĞU-ANADOLU,Akyaka,331,322,Ahsen,U,8352,Peri,K,1322
Kars,DOĞU-ANADOLU,Akyaka,331,323,Ahter,U,8352,Peri,K,1323
Kars,DOĞU-ANADOLU,Akyaka,331,324,Ahu,K,8352,Peri,K,1324
Kars,DOĞU-ANADOLU,Digor,332,325,Aişe,K,8352,Peri,K,1325
Kars,DOĞU-ANADOLU,Digor,332,326,Ajda,K,8352,Peri,K,1326
Kars,DOĞU-ANADOLU,Digor,332,327,Ajlan,E,8352,Peri,K,1327
Kars,DOĞU-ANADOLU,Digor,332,328,Ak,K,8352,Peri,K,1328
Kars,DOĞU-ANADOLU,Sarıkamış,333,329,Aka,E,8352,Peri,K,1329
Kars,DOĞU-ANADOLU,Sarıkamış,333,330,Akad,E,8352,Peri,K,1330
Kars,DOĞU-ANADOLU,Sarıkamış,333,331,Akadlı,E,8352,Peri,K,1331
Kars,DOĞU-ANADOLU,Sarıkamış,333,332,Akağan,E,8352,Peri,K,1332
Kars,DOĞU-ANADOLU,Selim,334,333,Akal,E,8352,Peri,K,1333
Kars,DOĞU-ANADOLU,Selim,334,334,Akalan,E,8352,Peri,K,1334
Kars,DOĞU-ANADOLU,Selim,334,335,Akalın,U,8352,Peri,K,1335
Kars,DOĞU-ANADOLU,Selim,334,336,Akalp,E,8352,Peri,K,1336
Kars,DOĞU-ANADOLU,Susuz,335,337,Akaltan,E,8352,Peri,K,1337
Kars,DOĞU-ANADOLU,Susuz,335,338,Akan,E,8352,Peri,K,1338
Kars,DOĞU-ANADOLU,Susuz,335,339,Akanay,U,8352,Peri,K,1339
Kars,DOĞU-ANADOLU,Susuz,335,340,Akaner,E,8352,Peri,K,1340
Malatya,DOĞU-ANADOLU,Kale,336,341,Akansu,E,8352,Peri,K,1341
Malatya,DOĞU-ANADOLU,Kale,336,342,Akant,E,8352,Peri,K,1342
Malatya,DOĞU-ANADOLU,Kale,336,343,Akanyıldız,E,8352,Peri,K,1343
Malatya,DOĞU-ANADOLU,Kale,336,344,Akarca,E,8352,Peri,K,1344
Malatya,DOĞU-ANADOLU,Kuluncak,337,345,Akarçay,E,8352,Peri,K,1345
Malatya,DOĞU-ANADOLU,Kuluncak,337,346,Akarsel,E,8352,Peri,K,1346
Malatya,DOĞU-ANADOLU,Kuluncak,337,347,Akarsu,U,8352,Peri,K,1347
Malatya,DOĞU-ANADOLU,Kuluncak,337,348,Akartuna,E,8352,Peri,K,1348
Malatya,DOĞU-ANADOLU,Pütürge,338,349,Akartürk,E,8352,Peri,K,1349
Malatya,DOĞU-ANADOLU,Pütürge,338,350,Akasma,E,8352,Peri,K,1350
Malatya,DOĞU-ANADOLU,Pütürge,338,351,Akasoy,E,8352,Peri,K,1351
Malatya,DOĞU-ANADOLU,Pütürge,338,352,Akata,E,8352,Peri,K,1352
Malatya,DOĞU-ANADOLU,Yazıhan,339,353,Akatay,E,8352,Peri,K,1353
Malatya,DOĞU-ANADOLU,Yazıhan,339,354,Akay,U,8352,Peri,K,1354
Malatya,DOĞU-ANADOLU,Yazıhan,339,355,Akaydın,E,8352,Peri,K,1355
Malatya,DOĞU-ANADOLU,Yazıhan,339,356,Akbacı,K,8352,Peri,K,1356
Malatya,DOĞU-ANADOLU,Yeşilyurt,340,357,Akbal,U,8352,Peri,K,1357
Malatya,DOĞU-ANADOLU,Yeşilyurt,340,358,Akbaran,E,8352,Peri,K,1358
Malatya,DOĞU-ANADOLU,Yeşilyurt,340,359,Akbaş,E,8352,Peri,K,1359
Malatya,DOĞU-ANADOLU,Yeşilyurt,340,360,Akbaşak,U,8352,Peri,K,1360
Muş,DOĞU-ANADOLU,Bulanık,341,361,Akbatu,E,8352,Peri,K,1361
Muş,DOĞU-ANADOLU,Bulanık,341,362,Akbatur,E,8352,Peri,K,1362
Muş,DOĞU-ANADOLU,Bulanık,341,363,Akbay,E,8352,Peri,K,1363
Muş,DOĞU-ANADOLU,Bulanık,341,364,Akbayar,E,8352,Peri,K,1364
Muş,DOĞU-ANADOLU,Korkut,342,365,Akbek,E,8352,Peri,K,1365
Muş,DOĞU-ANADOLU,Korkut,342,366,Akbel,E,8352,Peri,K,1366
Muş,DOĞU-ANADOLU,Korkut,342,367,Akbet,E,8352,Peri,K,1367
Muş,DOĞU-ANADOLU,Korkut,342,368,Akbey,E,8352,Peri,K,1368
Muş,DOĞU-ANADOLU,Malazgirt,343,369,Akbil,E,8352,Peri,K,1369
Muş,DOĞU-ANADOLU,Malazgirt,343,370,Akbilge,E,8352,Peri,K,1370
Muş,DOĞU-ANADOLU,Malazgirt,343,371,Akboğa,E,8352,Peri,K,1371
Muş,DOĞU-ANADOLU,Malazgirt,343,372,Akbora,E,8352,Peri,K,1372
Muş,DOĞU-ANADOLU,Merkez,344,373,Akboy,E,8352,Peri,K,1373
Muş,DOĞU-ANADOLU,Merkez,344,374,Akbörü,E,8352,Peri,K,1374
Muş,DOĞU-ANADOLU,Merkez,344,375,Akbudun,E,8352,Peri,K,1375
Muş,DOĞU-ANADOLU,Merkez,344,376,Akbuğ,E,8352,Peri,K,1376
Muş,DOĞU-ANADOLU,Varto,345,377,Akbulut,E,8352,Peri,K,1377
Muş,DOĞU-ANADOLU,Varto,345,378,Akburak,E,8352,Peri,K,1378
Muş,DOĞU-ANADOLU,Varto,345,379,Akburç,E,8352,Peri,K,1379
Muş,DOĞU-ANADOLU,Varto,345,380,Akburçak,E,8352,Peri,K,1380
Şırnak,DOĞU-ANADOLU,Beytüşşebap,346,381,Akcan,U,8352,Peri,K,1381
Şırnak,DOĞU-ANADOLU,Beytüşşebap,346,382,Akcebe,E,8352,Peri,K,1382
Şırnak,DOĞU-ANADOLU,Beytüşşebap,346,383,Akcivan,E,8352,Peri,K,1383
Şırnak,DOĞU-ANADOLU,Beytüşşebap,346,384,Akça,U,8352,Peri,K,1384
Şırnak,DOĞU-ANADOLU,Cizre,347,385,Akçael,E,8352,Peri,K,1385
Şırnak,DOĞU-ANADOLU,Cizre,347,386,Akçagül,K,8352,Peri,K,1386
Şırnak,DOĞU-ANADOLU,Cizre,347,387,Akçakan,E,8352,Peri,K,1387
Şırnak,DOĞU-ANADOLU,Cizre,347,388,Akçakaya,E,8352,Peri,K,1388
Şırnak,DOĞU-ANADOLU,Güçlükonak,348,389,Akçakıl,E,8352,Peri,K,1389
Şırnak,DOĞU-ANADOLU,Güçlükonak,348,390,Akçakoca,E,8352,Peri,K,1390
Şırnak,DOĞU-ANADOLU,Güçlükonak,348,391,Akçal,E,8352,Peri,K,1391
Şırnak,DOĞU-ANADOLU,Güçlükonak,348,392,Akçalı,E,8352,Peri,K,1392
Şırnak,DOĞU-ANADOLU,Silopi,349,393,Akçam,E,8352,Peri,K,1393
Şırnak,DOĞU-ANADOLU,Silopi,349,394,Akçan,E,8352,Peri,K,1394
Şırnak,DOĞU-ANADOLU,Silopi,349,395,Akçasu,U,8352,Peri,K,1395
Şırnak,DOĞU-ANADOLU,Silopi,349,396,Akçay,E,8352,Peri,K,1396
Şırnak,DOĞU-ANADOLU,Uludere,350,397,Akçer,E,8352,Peri,K,1397
Şırnak,DOĞU-ANADOLU,Uludere,350,398,Akçığır,E,8352,Peri,K,1398
Şırnak,DOĞU-ANADOLU,Uludere,350,399,Akçıl,U,8352,Peri,K,1399
Şırnak,DOĞU-ANADOLU,Uludere,350,400,Akçınar,E,8352,Peri,K,1400
Tunceli,DOĞU-ANADOLU,Çemişgezek,351,401,Akçiçek,K,8352,Peri,K,1401
Tunceli,DOĞU-ANADOLU,Çemişgezek,351,402,Akçit,E,8352,Peri,K,1402
Tunceli,DOĞU-ANADOLU,Çemişgezek,351,403,Akçora,E,8352,Peri,K,1403
Tunceli,DOĞU-ANADOLU,Çemişgezek,351,404,Akdağ,E,8352,Peri,K,1404
Tunceli,DOĞU-ANADOLU,Nazımiye,352,405,Akdal,E,8352,Peri,K,1405
Tunceli,DOĞU-ANADOLU,Nazımiye,352,406,Akdamar,E,8352,Peri,K,1406
Tunceli,DOĞU-ANADOLU,Nazımiye,352,407,Akdemir,E,8352,Peri,K,1407
Tunceli,DOĞU-ANADOLU,Nazımiye,352,408,Akdeniz,E,8352,Peri,K,1408
Tunceli,DOĞU-ANADOLU,Ovacık,353,409,Akdes,U,8352,Peri,K,1409
Tunceli,DOĞU-ANADOLU,Ovacık,353,410,Akdik,E,8352,Peri,K,1410
Tunceli,DOĞU-ANADOLU,Ovacık,353,411,Akdiken,E,8352,Peri,K,1411
Tunceli,DOĞU-ANADOLU,Ovacık,353,412,Akdil,E,8352,Peri,K,1412
Tunceli,DOĞU-ANADOLU,Pertek,354,413,Akdoğ,E,8352,Peri,K,1413
Tunceli,DOĞU-ANADOLU,Pertek,354,414,Akdoğan,E,8352,Peri,K,1414
Tunceli,DOĞU-ANADOLU,Pertek,354,415,Akdoğdu,E,8352,Peri,K,1415
Tunceli,DOĞU-ANADOLU,Pertek,354,416,Akdoğmuş,E,8352,Peri,K,1416
Tunceli,DOĞU-ANADOLU,Pülümür,355,417,Akdoğu,E,8352,Peri,K,1417
Tunceli,DOĞU-ANADOLU,Pülümür,355,418,Akdolun,K,8352,Peri,K,1418
Tunceli,DOĞU-ANADOLU,Pülümür,355,419,Akdora,E,8352,Peri,K,1419
Tunceli,DOĞU-ANADOLU,Pülümür,355,420,Akdoru,E,8352,Peri,K,1420
Van,DOĞU-ANADOLU,Gürpınar,356,421,Akdoruk,E,8352,Peri,K,1421
Van,DOĞU-ANADOLU,Gürpınar,356,422,Akdöl,E,8352,Peri,K,1422
Van,DOĞU-ANADOLU,Gürpınar,356,423,Akduman,E,8352,Peri,K,1423
Van,DOĞU-ANADOLU,Gürpınar,356,424,Akdur,E,8352,Peri,K,1424
Van,DOĞU-ANADOLU,Muradiye,357,425,Akdurmuş,E,8352,Peri,K,1425
Van,DOĞU-ANADOLU,Muradiye,357,426,Akel,U,8352,Peri,K,1426
Van,DOĞU-ANADOLU,Muradiye,357,427,Aker,E,8352,Peri,K,1427
Van,DOĞU-ANADOLU,Muradiye,357,428,Akergin,E,8352,Peri,K,1428
Van,DOĞU-ANADOLU,Özalp,358,429,Akerman,E,8352,Peri,K,1429
Van,DOĞU-ANADOLU,Özalp,358,430,Akersan,E,8352,Peri,K,1430
Van,DOĞU-ANADOLU,Özalp,358,431,Akersoy,E,8352,Peri,K,1431
Van,DOĞU-ANADOLU,Özalp,358,432,Akgil,E,8352,Peri,K,1432
Van,DOĞU-ANADOLU,Saray,359,433,Akgiray,E,8352,Peri,K,1433
Van,DOĞU-ANADOLU,Saray,359,434,Akgöl,E,8352,Peri,K,1434
Van,DOĞU-ANADOLU,Saray,359,435,Akgöze,E,8352,Peri,K,1435
Van,DOĞU-ANADOLU,Saray,359,436,Akgüç,E,8352,Peri,K,1436
Van,DOĞU-ANADOLU,Tuşba,360,437,Akgül,K,8352,Peri,K,1437
Van,DOĞU-ANADOLU,Tuşba,360,438,Akgün,E,8352,Peri,K,1438
Van,DOĞU-ANADOLU,Tuşba,360,439,Akgündüz,E,8352,Peri,K,1439
Van,DOĞU-ANADOLU,Tuşba,360,440,Akgüner,E,8352,Peri,K,1440
Adana,AKDENİZ,Saimbeyli,361,441,Akgüneş,U,8352,Peri,K,1441
Adana,AKDENİZ,Saimbeyli,361,442,Akgüngör,U,8352,Peri,K,1442
Adana,AKDENİZ,Saimbeyli,361,443,Akhan,E,8352,Peri,K,1443
Adana,AKDENİZ,Saimbeyli,361,444,Akhanım,K,8352,Peri,K,1444
Adana,AKDENİZ,Sarıçam,362,445,Akhun,E,8352,Peri,K,1445
Adana,AKDENİZ,Sarıçam,362,446,Akı,E,8352,Peri,K,1446
Adana,AKDENİZ,Sarıçam,362,447,Akıalp,E,8352,Peri,K,1447
Adana,AKDENİZ,Sarıçam,362,448,Akıl,E,8352,Peri,K,1448
Adana,AKDENİZ,Seyhan,363,449,Akılbek,E,8352,Peri,K,1449
Adana,AKDENİZ,Seyhan,363,450,Akıllı,E,8352,Peri,K,1450
Adana,AKDENİZ,Seyhan,363,451,Akıman,E,8352,Peri,K,1451
Adana,AKDENİZ,Seyhan,363,452,Akın,E,8352,Peri,K,1452
Adana,AKDENİZ,Tufanbeyli,364,453,Akınal,E,8352,Peri,K,1453
Adana,AKDENİZ,Tufanbeyli,364,454,Akınalp,E,8352,Peri,K,1454
Adana,AKDENİZ,Tufanbeyli,364,455,Akıncı,E,8352,Peri,K,1455
Adana,AKDENİZ,Tufanbeyli,364,456,Akıncıbay,E,8352,Peri,K,1456
Adana,AKDENİZ,Yumurtalık,365,457,Akıner,E,8352,Peri,K,1457
Adana,AKDENİZ,Yumurtalık,365,458,Akıneri,E,8352,Peri,K,1458
Adana,AKDENİZ,Yumurtalık,365,459,Akıntan,E,8352,Peri,K,1459
Adana,AKDENİZ,Yumurtalık,365,460,Akibe,K,8352,Peri,K,1460
Antalya,AKDENİZ,Konyaaltı,366,461,Akide,K,8352,Peri,K,1461
Antalya,AKDENİZ,Konyaaltı,366,462,Akif,E,8352,Peri,K,1462
Antalya,AKDENİZ,Konyaaltı,366,463,Akife,K,8352,Peri,K,1463
Antalya,AKDENİZ,Konyaaltı,366,464,Akil,E,8352,Peri,K,1464
Antalya,AKDENİZ,Korkuteli,367,465,Akile,K,8352,Peri,K,1465
Antalya,AKDENİZ,Korkuteli,367,466,Akinci,K,8352,Peri,K,1466
Antalya,AKDENİZ,Korkuteli,367,467,Akip,E,8352,Peri,K,1467
Antalya,AKDENİZ,Korkuteli,367,468,Akipek,K,8352,Peri,K,1468
Antalya,AKDENİZ,Kumluca,368,469,Akkadın,K,8352,Peri,K,1469
Antalya,AKDENİZ,Kumluca,368,470,Akkan,E,8352,Peri,K,1470
Antalya,AKDENİZ,Kumluca,368,471,Akkar,K,8352,Peri,K,1471
Antalya,AKDENİZ,Kumluca,368,472,Akkaş,E,8352,Peri,K,1472
Antalya,AKDENİZ,Manavgat,369,473,Akkaya,E,8352,Peri,K,1473
Antalya,AKDENİZ,Manavgat,369,474,Akkaynak,E,8352,Peri,K,1474
Antalya,AKDENİZ,Manavgat,369,475,Akkemik,E,8352,Peri,K,1475
Antalya,AKDENİZ,Manavgat,369,476,Akkerman,E,8352,Peri,K,1476
Antalya,AKDENİZ,Serik,370,477,Akkılıç,E,8352,Peri,K,1477
Antalya,AKDENİZ,Serik,370,478,Akkın,E,8352,Peri,K,1478
Antalya,AKDENİZ,Serik,370,479,Akkız,K,8352,Peri,K,1479
Antalya,AKDENİZ,Serik,370,480,Akkor,K,8352,Peri,K,1480
Burdur,AKDENİZ,Gölhisar,371,481,Akköz,E,8352,Peri,K,1481
Burdur,AKDENİZ,Gölhisar,371,482,Akkurt,E,8352,Peri,K,1482
Burdur,AKDENİZ,Gölhisar,371,483,Akkuş,E,8352,Peri,K,1483
Burdur,AKDENİZ,Gölhisar,371,484,Akkutlu,K,8352,Peri,K,1484
Burdur,AKDENİZ,Karamanlı,372,485,Akkuyaş,E,8352,Peri,K,1485
Burdur,AKDENİZ,Karamanlı,372,486,Aklan,E,8352,Peri,K,1486
Burdur,AKDENİZ,Karamanlı,372,487,Akmaç,E,8352,Peri,K,1487
Burdur,AKDENİZ,Karamanlı,372,488,Akman,E,8352,Peri,K,1488
Burdur,AKDENİZ,Tefenni,373,489,Akmanalp,E,8352,Peri,K,1489
Burdur,AKDENİZ,Tefenni,373,490,Akmaner,E,8352,Peri,K,1490
Burdur,AKDENİZ,Tefenni,373,491,Akmaral,K,8352,Peri,K,1491
Burdur,AKDENİZ,Tefenni,373,492,Akmeriç,E,8352,Peri,K,1492
Burdur,AKDENİZ,Kemer,374,493,Aknur,K,8352,Peri,K,1493
Burdur,AKDENİZ,Kemer,374,494,Akol,K,8352,Peri,K,1494
Burdur,AKDENİZ,Kemer,374,495,Akozan,E,8352,Peri,K,1495
Burdur,AKDENİZ,Kemer,374,496,Akönder,E,8352,Peri,K,1496
Burdur,AKDENİZ,Yeşilova,375,497,Akören,E,8352,Peri,K,1497
Burdur,AKDENİZ,Yeşilova,375,498,Aköz,E,8352,Peri,K,1498
Burdur,AKDENİZ,Yeşilova,375,499,Akpay,E,8352,Peri,K,1499
Burdur,AKDENİZ,Yeşilova,375,500,Akpınar,U,8352,Peri,K,1500
Hatay,AKDENİZ,Kumlu,376,251,Adıyahşi,E,8353,Perinur,K,1501
Hatay,AKDENİZ,Kumlu,376,252,Adıyaman,E,8353,Perinur,K,1502
Hatay,AKDENİZ,Kumlu,376,253,Adil,E,8353,Perinur,K,1503
Hatay,AKDENİZ,Kumlu,376,254,Adile,K,8353,Perinur,K,1504
Hatay,AKDENİZ,Payas,377,255,Adilhan,E,8353,Perinur,K,1505
Hatay,AKDENİZ,Payas,377,256,Adlan,E,8353,Perinur,K,1506
Hatay,AKDENİZ,Payas,377,257,Adlı,E,8353,Perinur,K,1507
Hatay,AKDENİZ,Payas,377,258,Adlığ,E,8353,Perinur,K,1508
Hatay,AKDENİZ,Reyhanlı,378,259,Adli,E,8353,Perinur,K,1509
Hatay,AKDENİZ,Reyhanlı,378,260,Adnan,E,8353,Perinur,K,1510
Hatay,AKDENİZ,Reyhanlı,378,261,Adni,E,8353,Perinur,K,1511
Hatay,AKDENİZ,Reyhanlı,378,262,Adniye,K,8353,Perinur,K,1512
Hatay,AKDENİZ,Samandağ,379,263,Adsız,E,8353,Perinur,K,1513
Hatay,AKDENİZ,Samandağ,379,264,Adsoy,E,8353,Perinur,K,1514
Hatay,AKDENİZ,Samandağ,379,265,Adviye,K,8353,Perinur,K,1515
Hatay,AKDENİZ,Samandağ,379,266,Afacan,E,8353,Perinur,K,1516
Hatay,AKDENİZ,Yayladağı,380,267,Afak,U,8353,Perinur,K,1517
Hatay,AKDENİZ,Yayladağı,380,268,Afer,E,8353,Perinur,K,1518
Hatay,AKDENİZ,Yayladağı,380,269,Afet,K,8353,Perinur,K,1519
Hatay,AKDENİZ,Yayladağı,380,270,Affan,U,8353,Perinur,K,1520
Isparta,AKDENİZ,Senirkent,381,271,Afi,K,8353,Perinur,K,1521
Isparta,AKDENİZ,Senirkent,381,272,Afif,E,8353,Perinur,K,1522
Isparta,AKDENİZ,Senirkent,381,273,Afife,K,8353,Perinur,K,1523
Isparta,AKDENİZ,Senirkent,381,274,Afitap,K,8353,Perinur,K,1524
Isparta,AKDENİZ,Uluborlu,382,275,Afiye,K,8353,Perinur,K,1525
Isparta,AKDENİZ,Uluborlu,382,276,Afiyet,K,8353,Perinur,K,1526
Isparta,AKDENİZ,Uluborlu,382,277,Afra,K,8353,Perinur,K,1527
Isparta,AKDENİZ,Uluborlu,382,278,Afşar,E,8353,Perinur,K,1528
Isparta,AKDENİZ,Şarkikaraağaç,383,279,Afşin,E,8353,Perinur,K,1529
Isparta,AKDENİZ,Şarkikaraağaç,383,280,Agâh,E,8353,Perinur,K,1530
Isparta,AKDENİZ,Şarkikaraağaç,383,281,Agil,E,8353,Perinur,K,1531
Isparta,AKDENİZ,Şarkikaraağaç,383,282,Aguş,K,8353,Perinur,K,1532
Isparta,AKDENİZ,Yalvaç,384,283,Ağa,E,8353,Perinur,K,1533
Isparta,AKDENİZ,Yalvaç,384,284,Ağacan,E,8353,Perinur,K,1534
Isparta,AKDENİZ,Yalvaç,384,285,Ağahan,E,8353,Perinur,K,1535
Isparta,AKDENİZ,Yalvaç,384,286,Ağahanım,K,8353,Perinur,K,1536
Isparta,AKDENİZ,Yenişarbademli,385,287,Ağahatun,K,8353,Perinur,K,1537
Isparta,AKDENİZ,Yenişarbademli,385,288,Ağakan,E,8353,Perinur,K,1538
Isparta,AKDENİZ,Yenişarbademli,385,289,Ağakatun,K,8353,Perinur,K,1539
Isparta,AKDENİZ,Yenişarbademli,385,290,Ağan,U,8353,Perinur,K,1540
Mersin,AKDENİZ,Mut,386,291,Ağanbegim,K,8353,Perinur,K,1541
Mersin,AKDENİZ,Mut,386,292,Ağanbegüm,K,8353,Perinur,K,1542
Mersin,AKDENİZ,Mut,386,293,Ağanbike,K,8353,Perinur,K,1543
Mersin,AKDENİZ,Mut,386,294,Ağanbüke,K,8353,Perinur,K,1544
Mersin,AKDENİZ,Silifke,387,295,Ağaner,E,8353,Perinur,K,1545
Mersin,AKDENİZ,Silifke,387,296,Ağaoğlu,E,8353,Perinur,K,1546
Mersin,AKDENİZ,Silifke,387,297,Ağar,E,8353,Perinur,K,1547
Mersin,AKDENİZ,Silifke,387,298,Ağarantan,E,8353,Perinur,K,1548
Mersin,AKDENİZ,Tarsus,388,299,Ağaverdi,E,8353,Perinur,K,1549
Mersin,AKDENİZ,Tarsus,388,300,Ağbacı,K,8353,Perinur,K,1550
Mersin,AKDENİZ,Tarsus,388,301,Ağbegim,K,8353,Perinur,K,1551
Mersin,AKDENİZ,Tarsus,388,302,Ağbegüm,K,8353,Perinur,K,1552
Mersin,AKDENİZ,Toroslar,389,303,Ağbet,K,8353,Perinur,K,1553
Mersin,AKDENİZ,Toroslar,389,304,Ağbilek,K,8353,Perinur,K,1554
Mersin,AKDENİZ,Toroslar,389,305,Ağca,U,8353,Perinur,K,1555
Mersin,AKDENİZ,Toroslar,389,306,Ağça,K,8353,Perinur,K,1556
Mersin,AKDENİZ,Yenişehir,390,307,Ağçelik,E,8353,Perinur,K,1557
Mersin,AKDENİZ,Yenişehir,390,308,Ağer,E,8353,Perinur,K,1558
Mersin,AKDENİZ,Yenişehir,390,309,Ağgül,K,8353,Perinur,K,1559
Mersin,AKDENİZ,Yenişehir,390,310,Ağın,E,8353,Perinur,K,1560
Osmaniye,AKDENİZ,Toprakkale,391,311,Ağırtaş,E,8353,Perinur,K,1561
Osmaniye,AKDENİZ,Toprakkale,391,312,Ağış,U,8353,Perinur,K,1562
Osmaniye,AKDENİZ,Toprakkale,391,313,Ağkız,K,8353,Perinur,K,1563
Osmaniye,AKDENİZ,Toprakkale,391,314,Ağnak,E,8353,Perinur,K,1564
Osmaniye,AKDENİZ,Düziçi,392,315,Ağyar,E,8353,Perinur,K,1565
Osmaniye,AKDENİZ,Düziçi,392,316,Ahen,E,8353,Perinur,K,1566
Osmaniye,AKDENİZ,Düziçi,392,317,Ahenk,K,8353,Perinur,K,1567
Osmaniye,AKDENİZ,Düziçi,392,318,Ahfeş,E,8353,Perinur,K,1568
Osmaniye,AKDENİZ,Hasanbeyli,393,319,Ahıska,E,8353,Perinur,K,1569
Osmaniye,AKDENİZ,Hasanbeyli,393,320,Ahi,E,8353,Perinur,K,1570
Osmaniye,AKDENİZ,Hasanbeyli,393,321,Ahmet,E,8353,Perinur,K,1571
Osmaniye,AKDENİZ,Hasanbeyli,393,322,Ahsen,U,8353,Perinur,K,1572
Osmaniye,AKDENİZ,Sumbas,394,323,Ahter,U,8353,Perinur,K,1573
Osmaniye,AKDENİZ,Sumbas,394,324,Ahu,K,8353,Perinur,K,1574
Osmaniye,AKDENİZ,Sumbas,394,325,Aişe,K,8353,Perinur,K,1575
Osmaniye,AKDENİZ,Sumbas,394,326,Ajda,K,8353,Perinur,K,1576
Osmaniye,AKDENİZ,Kadirli,395,327,Ajlan,E,8353,Perinur,K,1577
Osmaniye,AKDENİZ,Kadirli,395,328,Ak,K,8353,Perinur,K,1578
Osmaniye,AKDENİZ,Kadirli,395,329,Aka,E,8353,Perinur,K,1579
Osmaniye,AKDENİZ,Kadirli,395,330,Akad,E,8353,Perinur,K,1580